headline,label
其他 評論 確實 是 喔 六 個 人 的 鏡頭 然後 一點點 血腥 我 個人 是 覺得 劇情 蠻 樸實 的 沒有 什麼 讓 人 新鮮 的 元素 在 主要 氣氛 營造 然後 風景 還 不錯 說真的 就是 靠 裘莉 的 電影 其他 人 演技 只 能 算 普通 有 空閒 再 來 看 就 好 不用 刻意 花錢 跑 電影院 的 電影 ,0.0
不 懂 分數 為 啥 這麼 高 看 完全 覺得 有 劇場版 的 畫面 卻 沒有 劇場版 的 劇情 完全 可以 區分為 兩 個 不相干 的 內容 前面 打 得 你死我活 打完 發現 炎柱 畫面 有點 少 再 補 一下 畫面 前 後面 劇情 完全 不 搭 為啥 出場 啥 都 沒 講 是 只 求 一 個 結局 還是 補 時間 ,0.0
真的 要 帶 面紙 進 電影院 後面 超感人 雖然 我 還 沒 看過 韓版 的 但 邱澤 跟 許瑋甯 的 演技 是 值得 肯定 又 再次 被 邱澤圈 粉 ,1.0
覺得 很 好看 節奏 很 明快 故事 感人 動畫 很 美 ,1.0
畫面 不錯 劇情 設定 普普通通 畫面 不錯 劇情 設定 普普通 通 ,0.0
好看 邱澤 演技 很 棒 值得 花錢 進 電影院 支持 ,1.0
劇情 場景 範圍 不 大 不用 花 太多 時間 去 思考 讓 觀眾 更 投入 在 男女 主角 的 感情 大綱 上 值得 二 刷 眼淚片 金牛 女 啦 ,1.0
很 好看 的 一 部 電影 不管 是 警匪 槍戰迷 還是 傑森史塔迷 都 不能 錯過 ,1.0
非常 發 人省思 的 作品 觀影 時 隔壁 的 伯伯 問 我 是否 因為 攝影 而 來 更 令 人 深切 感受 尤金 的 影響力 他 透過 鏡頭 與 照片 述諸 的 故事 是 全 世界 人類 的 瑰寶 ,1.0
劇情 還 算 可以 整 部 電影 的 節奏 還 不錯 只是 為何 要 把 新 做 的 刀子 丟出去 你 有 想 過 幫 你 做 刀 的 人 的 感受 嗎 哈哈 ,0.0
聽到 很多 人 推薦 去 看 但 個人 覺得 劇情 很 薄弱 哭 不 出來 ,0.0
邱澤 跟 瑋甯 都 演 的 不錯 可惜 劇情 可以 再 細膩 一點 不過 我 打 分 ,1.0
整 部 片 演 的 像 死神 來 了 一 堆 機關 根本 沒有 活命 的 機會 最後 也 只 是 菜鳥 警官 的 報仇 ,0.0
這 片 的 價值 就 只有 幫助 寒冬 的 電影院 補血 而已 ,0.0
結論 好看 傑森 史塔森 真的 帥 霸氣 劇情 或許 太過 牽強 但 電影 就 是 跳脫 不可能 中 的 可能 將 極端 的 條件 加 在一起 拍出 動作 爽片 值得 進 電影院 看 ,1.0
普通 而已 太 過度 吹捧 這 部 電影 ,0.0
邱澤 很 會 演 好笑 又 感動 感傷 忍不住 眼框 泛淚 值得 一 看 ,1.0
很 有 台味 演員 年齡 演出 超台 的 表演 美 賣 啦 ,1.0
哭爛 哭爛 哭爛 哭爛 ,1.0
終於 有 像樣 的 電影 動畫 有 水準 可惜 龍 有點 怪怪 的 ,1.0
這 次 的 迪士尼 動畫 畫面 很 精緻 動作 場面 精彩 音樂 很 好聽 劇情 很 棒 再 加上 滿 感人 的 很 好看 ,1.0
照片 會 帶走 被 攝 者 一 部份 靈魂 同時 也 會 帶走 攝影師 靈魂 的 一 部份 ,1.0
覺得 搞笑 成份 蠻 多 的 很多 情節 有 ,0.0
一 部 讓 你 想 一 看 再 看 的 片 衛生紙 一 包 都 不 夠 用 ,1.0
看 兩 隻 怪獸 打架 場面 浩大 動畫 不錯 劇情 很 弱 ,0.0
新公主 出現 了 真的 蠻 推 的 啦 東南亞 文化 大量 融合 劇情 與 畫面 呈現 是 一 次 很 棒 的 嘗試 外加 公主 沒有 唱歌 真的 是 目前 公主 系列 第一 次 非常 新穎 為 角色 配音 的 也 大多 都 是 亞裔 演員 故事 著重 於 親情 與 友情 之間 的 信任 的 描繪 值得 推薦 而 這 次 的 前導 影片 譯名 奇幻夜 也 令 人 感動 不已 阿 ,1.0
劇情 普通 但 裘莉 魅力 可以 讓 這 部 片 加 到 七八十 分 殺手 再 多一點 十 間 多 一些 讓 角色 的 情緒 轉折出來 然後 來 點 鬥智 的 部分 像 以前 終極 戰士 的 阿諾 那樣 設 些 陷阱 不 是 更 好 嗎 ,0.0
剛 開始 看 只 覺得 好笑 的 哽感覺 還 行 中 後段 才 發現 真的 滿 好看 的 ,1.0
血腥 程度 稍 下降 機關 還 滿 新穎 的 驚悚 程度 滿分 結局 很 意外 ㄇㄉㄈㄎ ,1.0
雖然 是 翻拍 劇情 很 荒謬 但 後段 還是 爆哭 哈 哈哈 ,1.0
一 部 作品 被 粉絲 搞臭 原本 就 沒有 一 個 作品 可以 滿足 所有人 為什麼 都 不能 接受 別人 批評 ,0.0
片名 讓 我 覺得 血腥 及 偏離 重點 這 部 電影 算好看 ,1.0
這 集 的 打鬥 真的 是 不錯 啦 很 慘烈 但 總體 而言 還是 第 集 怪獸 之 王 好看 配樂 也 比 這 部 用心 很多 哥吉拉 登場 沒有 經典 配樂 怪獸 宇宙 就 這樣 完結 了 有點 空虛 的 感覺 ,0.0
國片 就是 一 群 美女 和 校花 和 乖乖女 和 孝女 和 ,0.0
我 第一 次 看 電影 還 能 學到 台語 啥 款 ,1.0
好看 好 哭 爸爸 眼神 每 次 都 讓 人 不捨 ,1.0
演員 都 很 會 演 一切 都 很 好看 好笑 又 好 哭 ,1.0
我 覺得 整體 來 說 這 部 電影 至少 值 四 顆 星 多 給 一 顆 是 因為 難得 迪士尼 動畫 沒有 唱歌 算是 不錯 的 嘗試 ,1.0
邱澤 許瑋甯 演技 大 爆發 電影 又 好笑 又 感人 非常 推薦 大家 進 戲院 看 電影 ,1.0
很 好看 也 不會 太 小朋友 的 電影 整體 流暢 不 悶 也 蠻 療癒 的 ,1.0
雖然 看 之前 就 知道 是 爽片 但 人類 方 的 劇情 真的 很 難看 沒有 怪獸 之 王 好看 機械 哥吉拉 算是 最 期待 的 但 設計 的 有點 醜 金剛 比 預料 的 更多 生動 的 表現 打鬥 爽度 還 不錯 ,0.0
挺 好看 的 爽片 應該 是 近期 看過 的 電影 覺得 想 推薦 的 ,1.0
整 部 電影 從頭到尾 都 很 精彩 從 開頭 的 笑 到 翻肚 到 結尾 的 感動 落淚 邱澤 的 演技 大 爆發 值得 進 戲院 觀賞 ,1.0
還 蠻 刺激 至少 我 沒 睡著 平常 很 容易 睡著 的 我 ,0.0
比 貓 與 老鼠 那 種 爛片 好 太多 了 畢竟 迪士尼 嘛 ,1.0
沒有 預期 中 的 好看 ,0.0
 個 人 鏡頭 的 片 故事 單調 空洞 沒有 幽默感 故事 結構 沒頭沒尾 ,0.0
進 戲院 看 了 又 看 每 次 在意 的 地方 都 不 一樣 唯一 一樣 就 是 好 感人 好 想 哭 這 片 洋蔥 真的 太多 太多 了 ,1.0
男女 主角 演技 稱職 通俗 愛情 劇拍 的 還 不 狗血 導演 功力 還 不錯 演 男 主爸 的 蔡辰南 演 的 也 到位 ,0.0
雖然 劇情 有點 太 淺 太 短 沒有 愛情 也 不 太 熱血 但是 人物 的 表情 很 生動 故事 背景 很 有 東方 奇幻 的 感覺 ,1.0
電影 節奏 掌握 的 不錯 雖然 開場 我 就 看出 可能 的 劇情 最後 沒想到 是 這樣 收尾 這 種 搶匪 的 片子 還 不錯 可惜 首腦 犯罪 集團 的 部分 應該 在 刻劃 些 但是 真的 好看 蠻 推薦 進 戲院 看 的 加上 有 玩 就 知道 這 電影 在 洛杉磯 拍攝 熟悉 的 場景 阿阿阿 ,1.0
絕無 冷場 邱澤 演 的 真 好 有 笑 有 淚 眼淚 不用 醞釀 自然 從 眼角 滑落 不 痛苦 不需 聲嘶力竭 的 眼淚 是 內心 深層 的 同感 後勁 很 強 看完 在 位子 上 坐 了 好 久 但 也 看到 了 好 久 不 見 的 濃烈 真愛 純真 的 深愛 邱澤 的 好多 表情 都 刻 在 心 底 了 ,1.0
進去 電影院 後 才 之 到 是 電影 死屁 還 發情 最後 其實 被 塑造成 大好人 這 種 灑 狗血 劇情 一點 也 不 敢 動 也 沒有 哭 點 啊 罵罵 髒話 講講 台語 台片 沒有 梗 了 這 種 發情 的 真的 滿 會 教壞 小孩 的 ,0.0
真的 真的 很 好看 適合 小孩 大人 一起 觀賞 有點 感人 ,1.0
再一次 被 邱澤 感動 哭 到 不行 ,1.0
怎麼 笑 著 笑 著 就 哭 了 好 感動 啊 ,1.0
很多 事 都 需要 真相 大家 才 會 去 多 重視 注意 他 惡水 真相 真的 很 好看 ,1.0
失去 元老 的 精神 根本 就 沒想要 給 人 活命 的 機會 犯人 有點 好猜 有點 失望 這 次 專 挑 所謂 的 黑警 下手 把 每 個 警察 都 演成 白癡 ,0.0
大家 生活 是 有 多 不 順遂 看 這樣 的 演技 和 故事 就 可以 哭出來 一 顆 星 是 給 監 製程 偉豪 的 期待 你 編導 下 一 部 作品 ,0.0
好看 就 是 好看 主題曲 也 好聽 迪士尼 首次 以 東南亞 的 人物 做為 故事 主軸 亞洲 之 光 ,1.0
這 類型 的 電影 還是 天 若 有情 經典 ,0.0
前 半 段 比較 鬆散 中 後段 漫漫 精彩 最後 那 場 打鬥 是 高潮 ,0.0
很 好看 的 一 部 好笑 又 感人 值得 一 看 ,1.0
很 好笑 又 很 好看 又 感人 的 故事 很 好笑 又 很 好看 又 感人 的 故事 ,1.0
好看 雖然 龍 有點 醜 但 故事 很 精彩 ,1.0
感覺 跟 用 電腦 看 的 動畫 差不多 不錯 看 但 沒 到 那麼 高分 ,0.0
真的 人類 演 的 部分 都 是 自私 的 老梗 這 部 就 是 人類 瘋狂 攻擊 哥吉拉 然後 人類 控制 金剛 等 兩敗俱傷 機械 哥吉拉 撿 尾刀 然後 人類 再 向 金剛 求救 跟 哥吉拉 合作 結尾 後 繼續 研究 金剛 真的 沒辦法 當 爽片 最 好 的 順序 可 以 機械 哥吉拉 先 出現 兩 隻 巨獸 衝突 最後 合作 對抗 機械 哥吉拉 這樣 演 比較 有 共鳴 跟 爽感 ,0.0
跟 我 想 的 不 一樣 不 算 老套 但 剪輯 好像 有點 問題 有些 地方 怪 拖戲 ,0.0
只有 霓虹燈 部分 有 中 ,0.0
演技 很 好 音樂 很 揪心 改編 也 沒 什麼 不 好 每 一 種 詮釋 都 是 不同 風格 的 展現 ,1.0
除了 主角 演技 真的 很 棒 外 其他 沒 什麼 優點 了 真 不 知道 所謂 台式 風格 到底 是 什麼 有 流氓 加上 浪子 回頭 就 台式 風格 ,0.0
邱澤 演 得 非常 好 是 有 層次感 的 真的 很 好看 ,1.0
覺得 滿 好看 的 整 部 片 都 營造 黑色 的 風格 但 覺得 整體 看起來 很 壓抑 傑森 真的 很 適合 演 大哥 ,0.0
國片 真的 很 懂 國人 的 點 真的 哭慘 了 大珠小珠 直直 落 ,1.0
裡面 人物 造型 都 有 很 新穎 的 感覺 沒 冷場 劇情 也 感人 推薦 ,1.0
真的 非常 好看 故事 情節 交代 完全 整 個 故事 走向 讓 人 清楚 明瞭 男女 主角 的 演技 真的 非常 引人入勝 全 劇 無 冷場 親情 愛情 的 展現 動人 心弦 能夠 將 一 個 這麼 完整 的 故事 濃縮 在 這 短短 時間 之內 真的 配 的 起 五 顆 星 ,1.0
疫情 期間 爛片 一 堆 很多 騙商 都 是 詐騙 集團 終於 有 個 能 看 的 電影 讓 我 從頭到尾 都 認真 看 不會 看到 打瞌睡 個 字 形容 好看 ,1.0
非常 值得 跟 朋友 家人 甚至 帶 小朋友 來 看 非常 有 教育 意涵 整 部 片 圍繞 著 勇氣 與 信任 為 主軸 有 歡笑 有 感人 的 片段 值回票價 ,1.0
很 不錯 喔 很 推薦 ,1.0
無 冷場 光頭 傑森 就 是 讚 ,1.0
真 得 很 好 哭 很 值得 看 ,1.0
整體 來 說 我 個人 比較 喜歡 怪獸 之 王 雖然 哥吉拉 大戰 金剛 也 不錯 看 重點 一定 要 看到 最後 一定 要 看到 一定 要 看到 最後 因為 很 重要 所以 要 說 三 次 有 下 一 集 的 彩蛋 ,0.0
動畫片 在 家 看 就 好 幫 平衡 分數 ,0.0
把 動畫 追完 才 進 電影院 看 前面 有點 無聊 但 後面 有 拉起來 動畫 蠻 有 氣勢 的 最後 炎柱 的 部分 很 感動 也 很 可惜 看 了 一直 流淚 期望 不要 太 高進去 看 否則 會 有點 失望 感覺 有 續集 ,0.0
好看 刺激 流暢 傑森史塔森 帥爆 ,1.0
勝利 的 關鍵 是 因為 那 個 男孩 ,0.0
我 已經 看完 漫畫 了 跟 看 漫畫 不同 動畫 聲優 給 了 各 角色 靈魂 劇場版 是 動畫 的 第 話 沒 看過 動畫 的 之後 應該 會 去 追動 畫 明年 也 要 放送 了 整 部 作品 無論 是 動畫 本身 或 聲優 選角 都 是 超強 今天 是 公司 的 電影 欣賞 活動 考慮 要不要 買 票 再 看 一 次 ,0.0
還是 覺得 上 一 集 比較 好看 而且 沒有 哥吉拉 出場 配樂 就 扣分 了 第二 集 大於 大約 真的 還 滿 像 環 的 ,0.0
沒 劇情 普通 槍戰 也 稱不上 爽片 主要 賣 杰森 老臉 一 首 音樂 貫徹 全部 不 建議 電影院 看 ,0.0
值得 一 看 的 好 電影 推爆 爆 ,1.0
前面 還 蠻 平淡 的 後面 的 有 把 分數 拉起來 整體 來 說 是 好看 的 ,0.0
看到 很多 豐富 的 東南亞 元素 故事 的 寓意 很 棒 聽說 是 馬來西亞人 寫 的 故事 超棒 的 ,1.0
好看 ,1.0
很 好看 差點 因為 前面 的 評價 放棄 了 雖然 沒有 很多 的 打鬥 場面 但是 劇情 緊湊 好看 啊 安潔莉娜裘莉 真的 很 會 演 ,1.0
到底 哪裡 好看 超普 不 是 故意 刷負 評 但 真的 沒 你們 說 得 這麼 好 ,0.0
劇情 很 爛 莫名其妙 匪夷所思 雷神 戰斧 都 出來 了 打鬥 跟 特效 還可以 ,0.0
壞 的 還是 那 個 壞人 整體 還 不錯 ,0.0
期待 已 久 超級 好看 精彩 刺激 ,1.0
我 覺得 還 不錯 啊 還是 有 蓋瑞奇 基本 水準 整體 畫面 呈現 及 配樂 都 很 加分 氣勢 十足 有 人 說 看到 睡著 也 太 誇張 槍聲 那麼 大聲 也 會 被 嚇醒 吧 傑森史塔森 的 表演 反而 讓 我 發現 他 內斂 壓抑 的 那 面 需要 細細 品味 矮 唷 電影 就 是 要 看 爽 的 啊 我 只 知道 看完 爽炸 ,1.0
超級 好看 又 刺激 值得 一 看 讚讚 讚讚 ,1.0
我 個人 認為 劇情 普普 很 容易 猜到 劇情 走向 但 演員 演技 生動 很少 看到 翻拍 的 電影 能 那麼 台 笑點 哭 點 真的 滿 點 欸 希望 票房 能 破 億 國片 都 大賣 ,1.0
荒謬 的 劇情 第一 次 看 電影 看到 睡著 比較 適合 小朋友 看 ,0.0
傑森史塔森 和 蓋瑞奇 合作 就是 讚 不過 這 是 以 劇情 為主 的 電影 沒有 從頭 打到 尾 想 看 動作片 的 要 有 心理 準備 ,1.0
很 喜歡 邱澤 演技 大 發揮 覺得 這 部 戲 的 情感 呈現 很 道 地 ,1.0
怪獸 對打 爽片 特效 好看 劇情 普通 有些 地方 模模糊糊 就 帶過 ,0.0
龍 真的 就 是 奧卡菲娜 本人 武打 也 不錯 ,0.0
動畫 超棒 劇情 感人 刺激 好看 到 爆 根本 在 看 英雄 片 迪士尼 果然 不會 讓 我 失望 唯一 缺點 龍 有點 醜 ,1.0
真心 覺得 普普 拜 疫情 所 賜 最近 沒 上 甚麼 強片 才 能 有 這樣 的 成績 前面 太 拖戲 看到 我 睡著 後面 打鬥 不錯 但 太 短 以 電影 來 說 真的 不 夠 精彩 之前 看 的 海賊王 電影 我 還 覺得 比較 好看 咧 ,0.0
還可以 打鬥 畫面 是 很 精彩 沒 錯 ,0.0
大爛片 真的 很 無聊 沒 什麼 劇情 還是 回家 洗洗 睡 好 ,0.0
地表 最 強 光頭 果然 不 是 蓋 的 這 次 還 跟 蓋瑞奇 合作 整 場 電影 沒有 冷場 ,1.0
比 想像 的 好看 有 劇情 的 但 還 是 一 部 爽片 ,0.0
台灣人 水準 真 低 拍 討債 一 堆 人 叫好 ,0.0
導演 拍攝 手法 不錯 唷 比 藥命 交錯 好看 ,0.0
雖然 劇情 可以 很 輕易 的 猜到 但 就是 因為 在 簡單 劇情線 中 才 能 更 顯得 演員 們 的 實力 演技 開頭 笑 著 卻 哭 著 出 戲院 ,1.0
劇情 最後 有些 不 太 合理 當 爽片 看 的 話 很 ,0.0
真的 很 好看 喜歡 演員 們 在 戲 裡 的 細膩 演技 帶動 觀眾 的 情緒 在 最後 會 跟著 潰堤 ,1.0
我 不 愛 看 漫畫 的 人 居然 覺得 這 部 很 可以 不得不 推 一下 好看 期待 下 一 集 ,0.0
傑森史塔森 終於 回來 了 淚流滿面 前年 看玩 命關頭 特別 行動 到底 什麼 鬼 ,1.0
看到 有 人 說 好看 就 去 看 了 真的 很 好看 沒 後悔 ,1.0
不管 是 角色 設定 背景 設定 故事 情節 全 都 很 爛 不 知道 哪裡 好看 哭 點 設計 的 過於 刻意 沒有 深度 可 言 ,0.0
超 好看 的 還 沒 看 得 很 值得 一 看 喔 ,1.0
這 一 部 片 一定 會 全球 大賣 實在 是 太 好看 了 音樂 好聽 對白 有趣 男 主角 演技 驚人 真是 最佳 男 主角 最佳 影片 最佳 配角 最佳 劇本 ,1.0
值得 進 電影院 支持 的 國片 演員 們 都 很 棒 ,1.0
還 不錯 原本 以為 以 龍 為 主角 會 是 中國風 看 了 之後 才 知道 原來 是 走 印度風 但 好看 就 是 好看 迪士尼 真的 強 真人版 花木蘭 不 算 ,1.0
很 溫馨 笑 點 滿多 的 看到 最後 蠻 感人 的 男 主角 超 會 演 ,1.0
扣 顆 星 是 因為 女 主角 胸部 太 小 都 沒 在 篩選 演員 的 嗎 扣 另 顆 星 是 因為 金剛 不 夠 暴力 血腥 感覺 像 娘砲 一樣 ,0.0
壞人 演 的 很 壞 小 男孩 演 的 不錯 女 主角 也 是 我 喜歡 看 的 還可以 更 好 ,1.0
完全 只是 為了 打架 而 打架 整 部 戲 沒有 劇情 ,0.0
推 非常 好看 邱澤 和 許瑋甯 飆 演技 細膩 真情 流露 淚水 在 眼眶 裡 不停 打轉 請 支持 國片 ,1.0
好 難看 劇情 好爛 有些 選角 超出 戲 而且 真的 在 嗎 時空 好 錯亂 整 部 電影 畫面 角度 都 抓 的 超怪 看 得 有夠 不 舒服 ,0.0
真的 很 好看 我 哭 整 場 推薦 大家 一定 要 看 ,1.0
好看 賺 人 熱淚 迪士尼 永遠 不會 讓 人 失望 重點 不 是 力量 而是 信任 ,1.0
近期 看過 最 好看 的 電影 完全 沒有 冷場 ,1.0
近期 值得 一 看 的 國片 當然 要 支持 一 下 啦 ,1.0
推演 方式 讓 人 深深 沈浸 在 劇情 中 雖然 內鬼 很 明顯 很 好 猜 但 還是 非常 好看 很 推薦 ,1.0
哭 到 無法 自拔 啜泣聲 停 不 下來 超級 好看 想 去 二 刷 了 ,1.0
我 想 光頭佬 唯一 失敗 的 電影 只有 巨齒鯊 吧 ,1.0
劇情 老套 這 部 片 我 只 能 打到 到 顆 如果 不 看 劇情 只 看 打鬥 會 是 一 部 爽片 還是 一樣 有壞 的 人類 老鼠屎 搞 破壞 的 永遠 是 人類 而 不 是 怪獸 整 部 片 的 主軸 環繞 在 回家 這 兩 個 字 上面 這 部 片 說白 了 就 是 金剛 返 家 記 只是 返 家 的 路程 上 多 了 哥吉拉 本能 跟 機器 哥吉拉 人為 來 搗蛋 原本 金剛 是 被 人類 關 在 骷髏島 上 只要 不 出島 就 不會 被 哥吉拉 打 偏偏 壞人 故意 用 某 種 裝置 感覺 會 發出 泰坦 怪獸 聲波 跟 怪王 那 個 裝置 一樣 吸引 哥吉拉 到處 搞 破壞 讓 守護 金剛 的 人類 誤以為 情況 危及 必須 趕快 讓 金剛 出島 回 老家 孰 不 知 這 一切 都 是 一 場 陰謀 壞人 需要 金剛 老家 的 礦石 來 當做 機器 哥吉拉 的 能源 才 會 不惜 成本 免費 送 金剛 回家 哥吉拉 其實 不 壞 只是 臉 長 得 兇 喜歡 打架 佔 地盤 而已 大家 都 看錯 他 了 其實 最 壞 的 還是 人類 另外 劇 中 小女孩 跟 金剛 相處 的 方式 有點 像是 或 大黃蜂 獨立 電影 的 設定 都 是 有 個 可憐 小孩 遇到 怪怪 的 人 而且 從 金剛 的 老家 中 的 一些 東西 石門 暴風斧 跟 地上 鑲崁式 行動電源 以及 跟 小女孩 的 相處 方式 可以 得知 金剛 其實 是 具有 一定 程度 的 智慧 或者 曾經 有 個 古代 文明 是 專門 侍奉 金剛 族群 才 有 那 把 爆風斧 也 說不定 另外 哥吉拉 的 打鬥 方式 也 不再 侷限 在 只 會 噴射線 跟 甩 尾巴 在 電影 中 妳 可以 把 哥吉拉 想像成 大型 哥模 多 巨蜥 那樣 地面 爬行 跟 用 爪 畫傷 金剛 都 跟 蜥蜴 差不多 機器 哥吉拉 很 醜 打鬥 場面 讓 我 想到 環太平洋 的 吉普賽 流浪 者 在 打 怪物 人類 劇情 是 可以 不用 看 專注 在 打鬥 跟 金剛哥 吉拉 的 內心戲 就 好 了 最後 哥吉拉 離開 和 金剛 漸 行 漸 遠 的 鏡頭 讓 我 覺得 我們 的 世仇 算 結清 了 以後 大家 就 各 過 各 的 吧 你 當 你 的 地 底 王 我 哥 吉拉 稱霸 地面 ,0.0
蠻 喜歡 的 一 部 片 至少 不至於 雷 可以 去 看看 ,1.0
有 笑 有 淚 的 一 部 電影 演員 演技 也 很 好 片 中 場景 很 有 帶入感 比如 廟 路邊攤 本土味 的 銀行 等等 真的 推 ,1.0
是 不錯 看 但是 不 是 抄襲 大陸 段宏楠 他們 拍 的 電影 因為 他們 一 兩 年 前 就 拍完 了 劇情 都 是 一樣 段宏楠 他們 的 也 是 討債 也 是 愛上 欠債人 的 女兒 也 是 用 彩色 筆畫 表格 也 是 要 一起 付錢 租 店 最後 也 是 被 陷害 被 抓 也 是 生病 提早 放出來 也 是 去 討 他 那 份 錢 最後 也 是 死 了 段 宏楠 電影 叫做 江南 花火 你們 大家 去 看看 就 知道 我 為什麼 說 是 抄襲 也 因為 人家 比較 早出 這 電影 居然 劇情 都 一模一樣 ,0.0
邱澤 演技 真的 爆好 以及 導演 將 邱澤 與 許瑋甯 之間 的 火花 及 互動 都 掌握 的 很 好 影片 中 圍繞 著 親情 與 愛情 之間 的 關係 值得 一 看 雖 劇情 普通 但 導演 真的 拍 的 很 好 ,1.0
啥 款 超 感動 一 刷 看 劇情 二 刷 看 演員 表情 仍然 熱淚盈眶 ,1.0
拜託 大家 一定 要 支持 不 是 只有 愛情 故事 親情 的 元素 和 情感 同樣 讓 人 在 電影院 哭 得 東倒西歪 邱澤 的 演技 非常 出色 啥款 愛情 你 真的 比 想 的 更 概 偉大 ,1.0
電影 裡 的 香港 超 可憐 淪為 戰場 然後 又 不能 含扣 原 以為 有 救星 結果 被 打爆 然後 怪物 就 拍拍 屁股 走人 也 不用 負責 喽 ,0.0
比 想像 中 好看 左邊 右邊 的 女生 都 哭爆 了 適合 帶 女生 去 看 的 電影 雖然 感人 都 沒 戳中 我 的 哭 點 所以 我 是 沒 哭 但 看 女生 哭 就 很 爽 哈哈 ,1.0
前面 內容 覺得 有點 拖 除了 打鬥 部分 覺得 不錯 外 其他 我 覺得 還好 個人 感覺 吧 ,0.0
整體 下來 算 普通 不 難看 但 整體 節奏 到 後面 其實 算 有些 混亂 ,0.0
期待 很 久 的 一 部 片 蓋瑞奇 果然 不會 讓 觀眾 失望 ,1.0
去 電影院 看 這 部 片 算是 給 自己 的 生日 禮物 非常 慶幸 自己 沒有 錯過 這 部 好 片 坦白 說 是 因為 同 檔期 的 片子 我 沒有 感興趣 的 想 著 這 部 片 也 快 下檔 了 就 給 他 一 個 機會 我 是 一 個 看 電影 很 容易 分心 的 人 這 幾 年 幾乎 很 少 有 哪 部 電影 是 能 讓 我 從頭到尾 都 興致 盎然 看完 的 拉雅 卻 讓 我 越 到 結局 越 有 種 捨不得 的 情緒 聽完 片尾區 才 捨得 走出 戲院 老梗 拍出 新意 不 是 件 容易 的 事情 還 沒 看 的 拜託 去 看看 吧 不會 後悔 的 真的 ,1.0
劇情 可以 直接 順序 的 演 下去 何必 要 回顧 的 方式 演 結局 也 太 簡單 了 一點 都 不 像 傑森史塔森 該 有 的 電影 不過 還是 可以 去 電影院 看 ,0.0
不虛此行 細膩 詮釋 情感 經歷 一 場 又 哭 又 笑 的 三溫暖 打從 心 中 肯定 邱澤 的 認真 好 的 演員 和 劇本 讓 人生 多 了 一 晚 美好 ,1.0
不錯 看 但 沒有 必要 進 電影院 看 看過 韓國版 的 劇情 百分之 一樣 沒有 像 我 的 少女 時代 那些 年 我們 追 的 女孩 那樣 帶給 我 感動 ,0.0
好 電影 國片 愛情片 新 高峰 看完 會 讓 你 珍惜 當下 的 自己 與 伴侶 比起 最後 至 死 也 不能 在一起 的 男女 主角 我們 真的 幸福 很多 了 ,1.0
邱澤 演 得 真的 很 好 欠 邱澤 一 座 金馬獎 最後 是 哭 著 走出 戲院 的 有 笑 有 淚 真的 推 想 說 眼淚 收好 了 結果 最後 繼續 爆淚 現在 大家 的 口頭禪 應該 都 是 啥 款吧 ,1.0
很 老梗 的 劇情 兇手 也 太 好猜 了 黑暗 正義 ,0.0
不錯 看 不過 這 集 劇情 普通 打鬥 為主 一 堆 小學生 不 知 啥 是 劇情 盲目 護航 ,0.0
劇情 覺得 可惜 的 地方 就 是 復仇片 最 大 好看 的 地方 就 在於 看 主角 如何 抽絲剝繭 自己 找到 歹徒 如果 最後 歹徒 不 親自 上門 他 不 就 找 不 到 他們 了 嗎 還 有 他 的 手下 幹嘛 要 去 搶 運鈔車 ,0.0
沒有 評分 來 的 好看 不 知道 在 瘋 怎樣 的 ,0.0
好看 就算 二 刷 三 刷 也 覺得 很 可以 ,1.0
男女 主角 演技 太 棒 了 支持 國片 歌選 的 也 很 讚 推推 ,1.0
劇情 很 老套 但 演員 演技 真的 太 強 太 強 了 很 感動 佩服 佩服 ,1.0
不 知道 評價 低 的 人 是 有沒有 在 看 電影 不 長 但是 該 演 的 內容 都 有 演到 是 一 部 勵志 的 電影 適合 小朋友 去 看 ,1.0
非常 好看 邱澤 眼 裡 都 是 戲 沒有 冷場 帶 了 兩 包 衛生紙 都 不 夠 哭 超紓壓 大推 ,1.0
帶 著 小朋友 去 看 早場 小朋友 的 回應 是 的 精彩 刺激 音效 強大 而 我 這 位 做 父親 的 覺得 裡面 講 的 非常 多 的 親情 意境 最後 煉獄 的 犧牲打 讓 我 周邊 觀看 的 都 淚汪汪 但是 其實 煉獄 最後 所 想 做 的 就是 得到 他 離世 媽媽 給 他 的 最後 肯定 你 是 最 好 的 一 部 動畫 很多 觀看 方式 很多 自我 意象 建議 有 喜歡 的 朋友 都 可以 去 看看 畢竟 版 的 我 才 看 過 四 集 ,0.0
演技 給 五分 劇情 爛給 三分 折衷 四 顆 星 ,0.0
整體 還 算 不錯 感情 豐富 的 人 應該 都 能 看 哭 ,0.0
真的 很 好 哭 心情 不 好 的 時候 看 真的 哭 到 不能 自已 ,1.0
看完 後 覺得 耗資 億 拍出 這 個 吐 血 先 ,0.0
超爽超 好看 啊 從 去年 到 今年 到底 悶 了 多久 就 是 在 等 這 種 片 啊 今年 目前 為止 最 好看 的 電影 沒有 之 一 傑森史塔森 從頭到尾 殺好 殺滿 黑吃 黑吃 黑吃黑 反轉 再 反轉 結局 不 像 一般 無 腦 動作片 選擇 非常 黑色 幽默 又 不 落俗套 收尾 方式 我 超愛 ,1.0
這 劇情 真的 很 爛 整 天 打打殺殺 台語 又 不 到 地 看 了 一直 皺眉頭 而且 男人 捨得 自己 的 女朋友 難過 遇事 都 不 講 就 是 男人 嗎 或許 騙得了 一 次 騙不了 永遠 孝子 誰 都 可以 當好 嘛 男人 這 個 腳色 真的 不 適合 這 部 ,0.0
個人 認為 後面 結束 有點 勉強 應該 見好 就 收 硬 要 加入 一些 親情 戲碼 過世 戲碼 有點 多餘 這邊 提到 兩 位 演員 真的 超 會 演 第一 名 一定 是 邱澤 再 來 就 是 主角 的 侄女 很 意外 吧 很少 看見 童星 這麼 會 演 ,0.0
好看 邱澤 很 會 演 無 冷場 好笑 又 感人 大推 優質 國片 ,1.0
真的 很 好看 人物 和 背景 都 很 用心 劇情 和 故事 也 很 感人 真的 非常 推薦 ,1.0
觀影 前 看 預報片 的 時候 就 覺得 完蛋 怎麼 劇 中 那麼多 角色 長 得 跟 之前 的 作品 那麼 相似 沒 新 招 的 嗎 觀影 後 果然 劇情 普普 無 特殊 之 處 笑點 還 好 量 又 少 本 片 沒有 唱歌 跳舞 多 了 背叛 欺騙 與 仇恨 之 元素 這 部 片 三 點 多分 差不多 被 洗倒 四 點 多分 是 有點 太 超過 了 建議 看 過 的 大家 還是 中立 一點 以免 後人 期待度 過 高 ,0.0
真心 覺得 很 普通 比 規格 好 點 只有 後面 打鬥 好 點 ,0.0
非常 棒 的 一 部 動畫 很 適合 全 家 一起 觀賞 無論 是 劇情 架構 或 故事 走向 都 是 一流 的 畫面 的 處理 更 是 凸顯 迪士尼 的 用心 與 專業 本 次 劇情 去 除了 愛情 把 親情 友情 做 一 個 教育 層面 的 昇華 實在 太 值得 推薦 了 ,1.0
很 好看 新式 的 搶劫 題材 夠 而且 有的 地方 竟然 有 笑點 幽默 大推 比 極盜戰 好看 倍 ,1.0
好看 又 哭 又 笑 ,1.0
原來 金剛 的 智慧 已經 進化到 能 製作 具 高能量 的 斧頭 還 會 幫 它 充滿 能量 如果 有 下 集 要是 出現 金剛 拿 著 美國隊 的 盾牌 也 不用 太 驚訝 或是 下 集 搞不好 出現 金剛 聯合 哥吉拉 打敗 外星人 拯救 全 人類 鬼扯 劇情 真是 沒 最 扯 只有 更 扯 超爛片 ,0.0
加入 了 很多 與 韓版 不 一樣 的 元素 在地感 很 親民 ,1.0
喜怒哀樂 呈現 在 電影 裡 能 了 解電影 演 的 過程 只 能 說 好看 不 看 會 後悔 ,1.0
看完 口碑場 第一 次 來 留言 邱澤 和 許瑋甯 的 演技 都 超鑽 值得 進 戲院 看 的 國片 ,1.0
好看 啊 好 過癮 爽片 中 不 俗套 又 有 質感 的 ,1.0
雖然 劇情 大致 猜 的 到 但 男女 主角 演技 顏值 爆表 笑 中 帶 淚 值得 一 看 ,1.0
前面 很 好笑 各 種 爆笑 的 點 直到 後面 的 橋段 開始 各 種 催淚 ,1.0
雖然 是 翻拍 但 劇情 老套 很 灑灑狗血 但是 演員 邱澤 演技 讓 人 眼睛 一 亮 其他 演員 也 都 演 的 很 好 拍攝 畫面 也 導 的 很 好 整體 來 說 是 一 部 很 不錯 的 國產片 個人 覺得 還是 值得 一 看 的 ,0.0
剛 看完 蠻 失望 的 這 部 片 的 節奏 非常 的 奇怪 沒有 太 刺激 的 橋段 槍戰 的 部分 也 只 有 一點點 所有 精彩 的 地方 都 在 預告 了 我 前面 看到 睡著 如果 你 真的 很 想 看 電影 但 找 不 到 更 喜歡 的 可以 看 的話 那 就 勉強 看 這 一 部 吧 ,0.0
客觀 來 說 有點 網路 評價 有點 誇大 了 整體 來 說 只 能 說 還 不錯 但 還 不 到 個人 看過 覺得 非常 好看 的 程度 不得不 說 配樂 及 打鬥 畫面 極 佳 但是 劇情 稍嫌 薄弱 有些 橋段 太多 太過 了 看過 動畫 想 知道 後續 的 劇情 還是 值得 來 看 的 ,0.0
只要 是 消防員 都 給 五星 女生 的 消防員 都 給 一 個 讚 ,1.0
不 想 劇透 太多 但是 認真 投入 去 看 真的 會 哭 我 也 有 聽到 隔壁 擤 鼻涕 的 聲音 意外 發現 鍾欣凌 的 演技 很 棒 雖然 不 是 我 喜歡 看 的 電影 類型 看 了 也 不至於 後悔 只是 我 看完 才 發現 是 大 悲劇 而 我 很 不 喜歡 呀 ,0.0
很 有 啟發 的 一 部 片 不同 的 思維 滿 感動 ,0.0
這 部 在 劇情 打鬥 音效 分鏡 安排 都 很 棒 非常 適合 去 電影院 欣賞 本 片 個人 認為 是 ２０２１年 目前 為止 最佳 電影 ３ ２４ 吉哥 ｖｓ 剛哥 才 有 可能 超越 本 片 吉哥 萬歲 ,1.0
讚讚 讚讚 讚讚 讚讚 讚讚 讚讚 讚讚 讚讚 讚讚 ,1.0
個人 不 喜歡 無腦 爽片 看 了 這 部 有 不同於 單純 只 想 進去 看 特效 的 想法 看完 反而 出現 滿滿 的 既視 感 對應片 中 的 金剛 與 哥吉拉 現實 中 台灣 最近 很 紅 的 綠鬣蜥 議題 這 兩 者 之間 的 關聯度 在 哪 片 中 後段 金剛 掉落 在 一 個 疑似 失落 的 恐龍 世界 包含 一 群 人 乘坐 的 飛行器 也 跟著 飛 了 過去 接著 金剛 立即 跟 某 變種 飛龍 打 了 起來 按照人 設 飛行器 裡 的 人類 也 是 站隊 金剛 這邊 砲火 對準 了 變種 恐龍 接著 恐龍 受到 攻擊 被 金剛 擊退 後 金剛 吃掉 了 恐龍 生態系 因為 人類 的 站隊 不管 是 片 中 發生 的 狀況 或是 現實 中 同樣 都 會 造成 農作物 傷害 的 台灣 獼猴 與 綠鬣蜥 我們 對於 綠 鬣蜥 的 態度 就 是 能 移除 就 移除 死掉 就 算了 但是 現在 已 非 保育 動物 的 台灣 獼猴 呢 農民 放 個 毒餌 什麼 動保 團體 啦 衛道 人士 啦 流浪 動物 協會 啦 什麼 組織 啦 鄉民 啦 網友 啦 獼猴 好好 的 為什麼 要 毒死 猴子 只是 調皮 為什麼 要 殺 他 然後 反觀 那些 放 水 流殺 了 也 沒 人 同情 的 綠鬣蜥 表示 長 得 像 恐龍 錯 了 嗎 ,0.0
大推 情緒 很 到位 好幾 部分 雖然 知道 會 怎麼 發展 但 還是 被 演技 給 感動到 ,1.0
看 著 看 著 就 有 歌詞 浮現出來 最後 的 疼愛 是 手 放開 最後 還是 很 灑狗血 ,1.0
如果 以 一 部 獨立 的 電影 來 看 這 實在 不 是 一 部 好 電影 要 劇情 沒 劇情 要 細膩 場景 也 沒有 更 不要 說 拿來 和 宮崎駿 和 你 的 名字 比 列 這 根本 不 在 一 個 天平 上 好不好 票房 好 未必 就是 好 電影 鐵達尼號 也 沒 被 列為 偉大 的 經典片 這 就 只 是 一 部 同人誌 覺得 很 棒 的 動畫 片 尤其 是 漫畫 愛好 者 給 一 顆 星 是 平均 一下 滿意度 而且 也 沒有 不 給 星 的 選項 這 短評 就 是 希望 不要 給 抱 著 想 看 你 的 名字 或 宮崎駿 電影 影迷 像 我 一樣 的 被 這些 五星 的 網友 短評 騙 進場 而 看 得 很 無奈 有 網友 回應 這 評論 說 畫 不 畫 得 出 這 種 漫畫 你 行 嗎 顆顆 我 當然 畫 不 出 但 難道 影評 都 要 會 拍 電影 嗎 書評 一定 會 寫 書 嗎 還 有 網友 說 可惜 平均 分數 跟 票房 還是 打臉 你 了 顆 顆 我 都 說 了 很多 賣座片 也 是 很 芭辣 的 劇情 至於 說 明明 就 是 不同 類型 的 動漫 你 拿來 做 比較 君 不 見 記者 去 訪問 宮崎駿 問 東 問 西 的 嗎 大家 覺得 好看 我 也 沒 意見 電影本 就 是 見仁見智 歡喜 就 好 ,0.0
眼眶 濕 了 又 乾 乾 了 又 濕 雖然 是 抱 著 看 喜劇 的 心情 進 戲院 的 但 也 意外 感受到 台灣 拍 本土 劇情片 的 能量 與 演員 從 電視 到 大 銀幕 進步 的 實力 與 努力 想必 會 在 今年 的 頒獎 典禮 聽到 這 步片 很多 次 吧 ,1.0
看完 去 看 電影 後 前面 真的 太 拖 了 不如 鋪陳 在 炎柱 上面 效果 會 來 的 更 好 只有 上旋 出現 後 很 熱血 精彩 可惜 了 ,0.0
難得 的 難看 劇情 極 爛 角色 無 魅力 可 言 ,0.0
哭爆 的 電影 推 真的 好看 ,1.0
都 第九 集 了 別 要求 太多 啦 機關 還 算 新鮮 整體 不 差 可惜 在 疫情 間 上映 加油 了 ,0.0
根本 是 地心 冒險 怪獸片 雖說 是 爽片 不 說 劇情 邏輯 很 奇怪 明明 沒 拿到 燃燒 還可以 自己 模擬 當初 金剛 不 去 地心 香港 也 沒 事 ,0.0
我 不 是 鬼粉 也 沒 看過 這 部 動漫 但是 因為 人氣 超高 今天 還是 去 朝聖 了 一下 真的 很 推 看完 會 有 讓 我 想 從 第一 集 開始 追 的 感動 很 讚 ,0.0
這 次 中文 配音 很 入戲 給 專業 就 對了 ,1.0
認真 說 蠻 難看 的 一 整 個 劇情 讓 我 無 感 頭髮 剃掉 好看 多 了 ,0.0
難看到 想 哭 八 家將 的 發情 求嘔 人生 關 我 屁事 爛 劇本 一點 正向 意義 都 沒有 看 不 懂 這 部 片 想要 表達 什麼 如果 觀眾 看完 一 部 電影 卻 毫無 收穫 那 拍 這 部 片 只是 浪費 觀眾 的 時間 ,0.0
覺得 沒有 大家 說 的 那麼 好看 吐槽點 太多 了 電影 最 棒 的 反而 是 他 的 配樂 真是 震撼 人心 扣人心弦 把 情緒 激發揮到 一 個 淋漓盡致 前面 的 交響樂 跟 後面 壞人 出來 那 段 電吉他 也 超棒 的 ,0.0
爛 劇情 男主 有夠 低 什麼 話 不能 講 都 不 知道 有夠 垃圾 ,0.0
好看 雖然 中間 劇情 一直 回溯 但是 這樣 更 讓 人 印象深刻 值得 進 電影院 看 ,1.0
覺得 還好 耶 一度 要 睡著 ,0.0
除了 演技 其他 真的 不 知道 哪裡 好看 了 等 哭 點 等到 劇終 都 還 沒 哭 ,0.0
前 半 段 還 結局 編 得 不 好 前面 把 主角 塑造 得 很 強 結局 卻 草草 了事 虎頭蛇尾 的 感覺 ,0.0
比 預期 的 好看 除了 演技 讓 人 出戲 幾 場 衝突 有點 僵硬 外 大致 是 好看 的 馬志翔 的 演技 真的 很 好 ,0.0
劇情 太 稍嫌 薄弱 一度 看到 睡著 後面 機器人 自己 動 起來 也 有點 牽強 打鬥 場面 是 多 但 無聊 感覺 還是 上 一 集 更 讓 人 激動 ,0.0
看過 漫畫 真的 非常 好看 推薦 大家 去 看 ,0.0
後面 越 分 鍾 太 拖戲 一 部 電影 有 兩 場 告別式 有點 不 知 在 看 什麽 重點 ,0.0
非常 的 好看 感人 幽默 好笑 真的 很 值得 去 看 的 好 片 大推 ,1.0
就 爽片 不可 要求 劇情 因為 實在 牽強 不 合理 太 唬爛 ,0.0
總 覺得 被 追捧 的 太 高 了 劇情 有 感人 但 就 缺少 了 我 認為 動畫版 的 細膩度 就 覺得 只 是 卡通版 的 電影 給 可 星 是 為 了 平衡 一下 過 高 的 星星數 ,0.0
好看 題材 與 想像 中 不同 一 部 爽片 ,1.0
疑問點 跟 大家 一樣 與 原版 的 劇情 差 很多 這麼 強 的 老大 為啥 需要 聽 手下 的 安排 為什麼 內鬼 會 知道 男 主角 的 事情 最 重要 的 是 明明 男 主角 被 子彈 打成 那樣 為什麼 最後 能 只有 輕微 跛腳 出現 而且 他 到底 是 為什麼 知道 藏身 之 處 分給 槍戰 跟 男主 完美 詮釋 冷酷 無情 的 帥 ,0.0
近期 最 喜歡 的 一 部 國片 好笑 好 哭 好 推 ,1.0
只有 後面 精彩 前面 好 長 一 段 真是 想 直接 跳過 ,0.0
這 部 片 是 我 看 過 最 爛 的 一 部 片 整 部 戲 就 一直 重播 的 過去 就 好 啦 爛透 了 ,0.0
身為 一 個 攝影師 必 看 的 片子 真正 的 真相 ,1.0
劇情 轉折 衝突點 強硬 走進來 就 罵 不 是 唯一 表現 方法 演技 完全 沒 進步 只 在 球場 上 入戲 議題 有 但 篇幅 全 放 在 不 必要 的 搞笑 曖昧 上 求 真性 不 高 建議 當 偶像劇 看 就 好 一 星 給 馬志翔 一 星 給 小朋友 小朋友 唱 得 很 棒 ,0.0
很 不錯 情感 部分 很 充足 以外 並且 打殺 畫面 也 是 很 精彩 理解 動漫迷 了 哈哈 只是 如果 縮短 至 小時 會 給 它 顆 星 ,0.0
整體 來 說 是 一 部 娛樂性 十足 的 特效 電影 劇情 上 相對 少量 直接 把 觀眾 帶到 怪獸 對決 的 場面 不過 這 部 電影 的 視角 都 是 以 金剛 的 角度 去 切入 的 對於 金剛迷 來 說 算是 一 個 福音 也 比較 貼近 人類 的 視角 最後 還是 導向 一 個 觀念 最 大 的 敵人 永遠 不 是 這些 地球 上 的 霸主 而是 覬覦 這些 力量 的 人們 這 部 並 沒有 彩蛋 唷 片尾曲 大概 有 十 分鐘 之 久 想 紓壓 的 觀眾 們 可以 去 看看 瞜 ,0.0
好笑 又 感動 的 故事 支持 國片 建議 一定 要 來 看 ,1.0
 帶 小 一女兒 去 看 這 部 電影 好看 動畫 也 很 不錯 ,1.0
這 部 劇場版 是 接續 電視版 的 劇情 所以 沒 看 電視版 的 人 可以 去 補完 集 再 來 看 接收到 的 訊息 會 比較 完整 如果 是 單單 第一 次 看 為了 劇場版 來 看 劇場版 那 我 可以 說 是 看 配樂 跟 動畫 特效 為主 就 打鬥 來 說 精彩 的 是 跟 上參 的 部份 出場 配樂 的確 較為 出彩 情感 要 接收 的話 也 是 接收 得到 不過 還是 強烈 建議 無限 列車篇 當作 接著 看 動畫 劇情 的 心態 來 看 會 比較 平衡 一點 也 比較 好看 一些 ,0.0
好看 從 頭 哭到 尾 邱澤 演技 超讚 ,1.0
超 好看 演員 劇情 都 很 棒 一定 要 帶 面紙 去 ,1.0
沒 看過 韓版 但 台版 在 台詞 運鏡 角色 設計 等等 的 處理 都 看 得 出 用心 也 因此 劇情 雖然 老套 卻 很 能 打中 觀眾 的 心 引起 共鳴 演員 真的 把 情感 傳遞 的 部份 詮釋 得 很 好 ,1.0
超 好看 比 玩命 那 種 浮誇 這 種 相對 較 寫實 重裝 的 更 吸引 我 蓋瑞奇 的 片 一向 不 拖泥帶水 橋段 也 有趣 最 主要 這 次 給 了 史塔克 一 個 超 華麗 神秘 的 角色 設定 也 因為 這 角色 若要 動拳腳 就 了 非常 引人入勝 想 看 他 要 怎樣 達到 他 的 目的 看完 想 二 刷 喬許哈奈特 好 神奇 這 摩多 年 過去 怎麼 還是 這樣 娃娃臉 ,1.0
讓 我 想 再二 刷 的 電影 笑 到 不行 哭 到 不行 ,1.0
有點 沈重 但 同時 也 讓 人 認識到 環境 公害 的 重要 歷史 影響 人類 甚 巨 更 重要 的 是 認識 尤金 這 位 傳奇 攝影師 透過 攝影 傳達給 世人 看 不 見 的 視角 與 訊息 ,0.0
感人 好笑 男女 主角 都 很 用心 演出 ,1.0
整 部 片 除了 特效 怪獸 打架 外 劇情 膚淺 的 毫無 劇情 可 言 笑點 也 很 弱 吃 粗飽 的 片 ,0.0
超 失望 第一 集 很 寫實 第二 集 很 史詩 這 集 完全 變 主題 樂園 ,0.0
整體 而言 還 不錯 沒 看過 動畫 的 可能 代入感 會 比較 低 可 看 也 可 不 看 但 如果 看過 動畫版 的 人 我 是 大推 ,0.0
傑森史塔森 的 電影 絕無 冷場 就 是 好看 ,1.0
我 喜歡 讓 我 笑 的 很 開心 也 哭 的 很 慘 享受 看 電影 的 時間 ,1.0
打鬥 場面 很 夠味 但是 真 劇情 交代 太 籠統 喜歡 哥吉拉 的 會 很 期待 但 以 電影 的 層次 來 說 的確 還是 有 需要 加強 邏輯 的 地方 ,0.0
毫無 冷場 的 好 片 的 早場 八成 滿 ,1.0
線上 影音 平台 到 現在 還 不 出 正版 是 怎樣 ,0.0
將 廢 校 的 原住民 小朋友 努力 唱出 自己 的 聲音 及 特色 ,0.0
愛 你 隔壁 的 哭 到 無法 自我 真的 好看 ,1.0
說真的 沒有 想像 中 好看 不值 的 看 況且 台灣 電影 沒 什麼 進步 空間 ,0.0
真心 覺得 配角 好 吵 東 湊 西湊 的 劇情 ,0.0
很 好看 遊戲 不會 輸 過去 幾 部 劇情 也 不錯 看到 最後 蠻 意外 的 ,1.0
台味 十足 的 電影 給 三 顆 星 不能 在 高 了 純粹 給 女 主角 的 根本 不 值得 到 電影院 觀賞 ,0.0
真的 好好看 前 半 段 很 歡樂 後 半 段 很 感 傷 ,1.0
十分 推薦 帶 小孩 一起 看 的 電影 一 個 字 好看 ,1.0
超級 感人 的 真的 很 值得 推薦 結尾 真是 哭慘 了 ,1.0
蠻 好看 的 呢 轉來轉去 的 手法 槍法 就 是 準 ,1.0
阿成 含 著 眼淚 站 在 餐廳 外 凝視 浩婷 那 幕 超虐 超感人 還 有 最後 他們 在 醫院 的 陽台 那 幕 真的 超美 再 加上 最後 的 音樂 整 個 讓 我 哭 到 不行 超愛 這 部 電影 的 啦 ,1.0
很 好看 演員 們 很 會 演 有 笑 有 淚 ,1.0
也許 是 以前 的 機關 太 成功 開頭 的 機關 就 覺得 失望 後續 的 機關 也 是 毫無 驚豔感 當然 也 可以 解釋成 凶手 畢竟 不 是 所以 機關 遜色 很多 劇情 很 簡單 兇手 也 很 好猜 如果 不 跟 之前 的 作品 比較 其實 勉強 還可以 但 他 又 打 著 奪 魂鋸 的 名號 那 就 相當 不 出色 ,0.0
是 部 大人 也 會 覺得 好看 的 動畫片 ,1.0
這 片 跟 年 韓國片 不 標準 情人 根本 照抄 劇情 人物 完全 一樣 也 太 沒 創意 了 害 我 跟 老婆 浪費 電影票 當作 純粹 支持 國片 吧 希望 國片 能 進步 而 不 是 濫竽充數 ,0.0
故事 情節 既 好笑 又 感人 大 推 眼淚 真的 流 不停 ,1.0
我 覺得 戲劇 張力 不錯 演技 不錯 好看 ,1.0
特效 不錯 但 有點 拖 沒 劇情 有點 普通 ,0.0
最後 一 張 照片 很 震撼 音樂 在 期待值 內 ,0.0
本來 沒有 抱 很 大 的 期望 但 直接 哭爆 ,1.0
片名 應該 叫 哥吉拉 和 金剛 大戰 機械 怪獸 吧 金剛 居然 能 到 地心 得到 能量 巨斧 後 回到 地面 繼續 戰鬥 還 有 一 扇 門 能 讓 金剛 推開 還好 沒有 設計成 能 指紋 開門 功能 最後 是 ,0.0
真的 大推 好看 雙方 演技 都 真的 很 好 能 演 到 心坎 裡 ,1.0
整體 劇情 走向 很 棒 有 融合 臺灣味 ,1.0
第一 次 評分 就 獻給 你 有哭有笑 有 愛情 親情 等 記得 帶上 一 包 衛生紙 愛 你 愛 甲白目眉 邱澤 演 的 真 好 ,1.0
覺 的 很 悶 是 正常 的 嗎 覺 的 不 好看 ,0.0
片名 看起來 很 不 怎樣 但 進 戲院 看 淚腺 爆棚 ,1.0
前 半 部 真的 太 沉悶 看到 睡著 買 票 進去 真的 只是 看 戰鬥 跟 聽 配樂 的 戰鬥 跟 配樂 有 水準 重點 是 動漫 只 出現 ㄧ下下 的 炎柱 電影 也 沒 啥 深刻 介紹 就 領 便當 了 然後 灑 一 堆 狗血 完全 不 理解 哭 點 在 那 沒想像 中 好看 ,0.0
好看 感人 演 的 細膩 男女 主角 都 演 的 很 好 尤其 邱澤 眼神 很 棒 值得 去 看 ,1.0
演員 演技 分 劇情 分 可惜 了 劇情 滿 蝦 的 ,0.0
平平淡淡 的 簡單 翻拍 得 很 台灣 近期 的 國片 都 不錯 給 個 五 顆 支持 ,1.0
完全 是 去 陪看 的 聽 片名 感覺 是 精彩 的 一 個 為 愛 勵志 故事 但 看完 劇情 張力 沒有 完全 都 是 片斷 的 內容 太 淺 草草 了事 三字經 打架 結局 爛死 ,0.0
很 久 沒 看到 好 電影 了 太 好看 了 讚 ,1.0
劇情 一般 般 都 是 很 容易 猜到 的 發展 反派 的 轉折 也 有點 牽強 但 人物 的 性格 刻畫 和 美術 都 很 棒 值得 去 劇院 看 一 次 主角 小 隊 真的 都 很 可愛 ,0.0
根本 是 劇情片 幾乎 沒有 動作 場面 奉勸 還 沒 被 騙 的 人 別 花錢 嘗試 非常 不 值得 ,0.0
邱澤 很 會 演 把 男人 的 純真 和 熱情 演 的 收放 自如 ,0.0
真心 覺得 好看 感動 面紙 真的 要 用到 演員 都 是 實力派 ,1.0
一 開始 還 很 期待 結果 是 翻拍 超無言 ,0.0
劇情 緊湊 動畫 細膩 打鬥 動作 設計 精彩 配樂 動聽 這 次 沒有 歌曲 在 疫情 年 能 看到 迪士尼 如此 高水準制 作 有 感動到 老少咸宜 的 精裝 動畫 進 戲院 看 非常 值得 ,1.0
安潔莉娜 演 的 爛片 保證 劇情 很 空洞 還是 等下 禮拜 的 奪 魂鋸 別 浪費 錢 ,0.0
爽片 音效 不錯 可惜 重複 的 片段 太多 了 有點 拖戲 ,0.0
這樣 鄉土劇 情節 就 能 賺到 台灣 觀眾 眼淚 老梗 的 悲慘 女主 永遠 台式 屁 孩 男 主 老梗 的 轉折 最後 一 個 狗血 結局 我 只 能 說 女主 這 個 人命 真 衰 啊 整 部 電影 說 要 傳達 父權 主義 我 真的 感受 不 到 還是 又 是 一 群 女權 主義 在 那邊 無病呻吟 自作 話題 整 個 電影 大概 就 是 用 中二 無言 老套 來 形容 ,0.0
 少數 拍 的 普片 但 也 在 水準 中間 ,0.0
雖然 是 動畫片 但 劇情 最後 有 感動到 我 好看 ,1.0
看 了 真的 不 後悔 大推 一 波 ,0.0
每 個 人 喜愛 的 電影 和 點 都 不同 我 個人 比較 喜愛 無名弒 類型 這 部 是 陪 同 人 而 觀看 得 ,0.0
推爆 情感 超 細膩 的 一 部 電影 自己 進 戲院 看 就 知道 ,1.0
好看 好看 好看 哭爆 哭爆 哭爆 ,1.0
拍 的 不錯 劇情 簡單 感情 深厚 可以 去 看 支持 一下 國片 ,1.0
原來 是 哥吉拉 跟 金剛 啊 我 還 以為 我 看 的 是 長 得 像 猩猩 的 索爾 跟 環 太平洋 呢 ,0.0
演員 情感 細膩 有 很多 感動 的 地方 面紙 必須 準備好 推 ,0.0
好看 怪獸 打鬥 畫面 刺激 比 前 幾 部 流暢 許多 但 我 還是 睡著 了 ,0.0
過程 很 緊湊 特效 分 劇情 分 純粹 爆米花 動作 爽片 考量 劇情 深度 哥吉拉 怪獸 之 王 還是 好 一些 ,0.0
要 看 的 人 可以 先 客觀 了 解 我 的 觀點 這 是 一 部 劇情 敘述片 非 動作片 有 些許 詼諧 的 片段 不 算 悶片 結局 的 收尾 實在 是 有點 令 人 失望 必須 準備好 不 是 以往 傑森 拍片 風格 ,1.0
真 不 虧 是 蓋瑞奇 超讚 的 啦 好看 傑森史塔森 好 帥 ,1.0
我 覺得 滿 好看 的 雖然 沒有 預期 中 快掉 一 包 面紙 但 可以 感受到 演員 的 情緒 ,1.0
超 好看 沒 冷場 傑森史塔森 太帥 本 以為 應該 是 老套 劫運 鈔車 劇情 但是 穿插 慢慢 導出 報仇 真相 超 好看 ,1.0
配樂 真的 厲害 不過 炭治郎 真的 很 吵 另外 看 這 個 就 在 那邊 說 什麼 好 哭 什麼 的 是 要 多 幼稚 可以 好好 去 體驗 現實 生活 嘛 ,0.0
主角 的 內心 獨白 依舊 冗長到 讓 人 出戲 唯一 的 優點 就 是 出招式 的 特效 其餘 的 真 得 過於 矯情 我 中間 幾度 打呵欠 但 還是 值得 一 看 ,0.0
配樂 給 這 部 加 了 很 大 的 分數 驚悚感 上 身 ,1.0
首先 這 篇 評論 不 是 為 了 投 五 顆 星 抽 電影票 本 片 以 懸疑 的 發展 開場 帶入 父親 眼 中 的 世界 可以 在 過程 中 慢慢 理出 頭緒 知道 何謂 現實 哪些 片段 則 是 父親 腦 中 混亂 的 投射 演員 超高水準 的 表現 讓 人 扎扎實實 地 替 父親 感到 心痛 也 替 女兒 感到 無奈 尤其 當 自己 的 親人 也 有 過 類似 的 狀況 許多 場面 都 讓 人 聯想到 過去 與 外公 的 相處 不時 陷入 回憶 旋渦 多 了 一 份 警惕 也 多 了 一 份 體諒 最後 一 顆 鏡頭 停 在 隨 風 搖曳 的 幾 棵 大樹 那 沙沙 作響 的 樹葉 伴隨 而 來 的 是 難以名狀 的 傷感 ,0.0
太 好看 了 又 好笑 又 好 哭 很 想 二刷 邱澤好 會 演 演員 都 有 下功夫 整 部 電影 搭配 茄子蛋 製作 的 主題曲 非常 過癮 大推 ,1.0
 邱澤 很 可愛 希望 再 看 一 次 ,1.0
和 以往 迪士尼 的 公主 故事 不同 有 親情 友情 的 感動 在 裡面 又 有趣 的 冒險 故事 動畫 景色 美 音樂 好聽 值得 重覆 回味 思索 會 有 想要 去 電影院 再 看 一 次 衝動 大小朋友 都 會 變 和 拉雅 一樣 的 龍迷 ,1.0
題材 沒有 很 愛 尤其 一 開始 那 段 拿 排泄物 洗頭 完全 不 知 意義 超 噁心 ,0.0
先 說 我 自己 覺得 這 部 片 很 普 想 給 顆 星 但 前面 五 顆 星 灌水 太多 必須 平衡 一下 劇情 很 普 有點 沈重 如果 是 傑森迷 再 來 吧 如果 不 是 的話 不 建議 去 電影院 看 ,0.0
爽片 無誤 看到 最後 越 緊張 刺激 人心 險惡 槍擊 場面 無 冷場 ,1.0
過度 神化 造成 有點 失望 特地 看完 動畫 才 看 電影 事先 知道 這 不 是 獨立 故事 而 只是 動畫 劇情 的 接續 看完 這 部 覺得 確實 沒有 電影 的 格局 前面 作夢 太過 冗長 跟 自以為 搞笑 的 梗 不 好笑 又 很 煩 其實 版 就 有 這 種 感覺 了 後面 才 好看 起來 但 回憶 跟 嘴炮 的 時機 差 很 斷 情緒 結尾 也 很 倉促 總結 就是 只有 戰鬥 畫面 好看 好好 整理 劇本 放 在 版 集 感覺 會 比較 適合 ,0.0
好看 裘莉 女神 復出 ,1.0
非常 好看 沒有 一 秒 冷場 也 很 適合 帶 小朋友 一起 看 ,1.0
劇情 緊湊 刺激 爽片 好看 推薦 一 個 ,1.0
沒有 想像 中 好看 但是 聲光 效果 不錯 ,0.0
還 滿 不錯 看 的 尤其 是 兩 人 在 武打 的 動作 真的 很 生動 ,1.0
 這 部 可以 後面 都 在 哭 ,1.0
演員 真的 演 得 很 棒 很 細膩 只 可惜 已 現代 時間軸 來 說 服裝 真的 太 刻意 復古 風格 了 會 讓 人 分身 懷疑 時間 軸 到底 訂 在 什麼 年代 唯一 的 美中不足 ,0.0
也許 是 期待度 很 高 就算 是 到 巨幕廳 觀看 也 覺得 有點 空虛 ,0.0
一 堆 灌水文 一直 拼命 推上 前面 幾 篇 大家 要 仔細 看 清楚 很 容易 就 看出 是 不 是 灌水 的 評價 ,0.0
覺得 好看 又 感人 國片 裡面 算是 蠻 推薦 的 有 機會 可以 二 刷 ,1.0
非常 好看 朋友 還 第二 刷 台片 有 這 種 水準 算 很 好 了 ,1.0
很 久 沒 看 這 種 爽片 了 超過癮 絕對 值得 進 戲院 看 大 螢幕 阿 ,1.0
很 不錯 看 畫面 精緻 美麗 人物 刻畫 可愛 近期 的 佳作 ,1.0
有夠 難看 一半 就 能 猜到 結局 既 不 血腥 也 沒有 反轉 真的 難看 ,0.0
他 的 哭 點 就 是 催淚 音樂 放下去 男女 主角 一起 悲情 的 哭 很 刻意 的 讓 你 跟著 情境 哭 不 是 真的 因為 感動 或者 有 共鳴 而 哭 對於 衝動 又 沒 大腦 遇到 事情 又 不 好好 講 的 男生 女 主角 就 是 很 倒楣 而已 很多 人 說 好看 應該 是 最近 鬧片荒 的 關係 吧 ,0.0
支持 讚 讚讚 邱澤 帥帥帥 到底 要 打 幾 個 字 才 可以 留言 啊 ,1.0
奪 魂 鋸迷 必 看 只是 這 集 鋪梗 敘述 有點 久 機關 真的 少 很多 反派 最後 的 機關 沒有 想像 中 殘忍 ,0.0
雖然 可能 劇情 俗套 但 一樣 能 感動 人 看完 電影 後 再 去 聽 主題曲 看到 裡面 的 片段 還是 會 有點 想 哭 ,1.0
本來 不 期待 會 有 多 好看 純屬 看 男女 主角 結果 意外 的 好看 有 笑點 有 哭點 邱澤 真的 越來越 會 演 ,1.0
真的 超 好看 不 是 一般 無 腦 動作片 還 有點 懸疑感 嘴砲 鬥嘴 皮笑肉 不 笑 反而 很 好笑 時間 軸 跳剪 的 很 流暢 槍戰 看 了 緊張 到 不行 超級 精彩 ,1.0
就 真的 好看 啊 不 信 喔 信 塔森 得 永生 ,1.0
今年 最 好看 的 國片 之 一 了 拜託 不要 讓 國片 沉淪 了 看 了 三 次 依然 哭慘 先 笑 後 哭 情感 顯得 細膩 看得出來 導演 與 演員 的 用心 非常 值得 推薦 ,1.0
老實說 我 真的 覺得 沒 什麼 內容 愛 也 愛 的 不 深刻 如果 去掉 俊男 美女 真的 什麼 也 不 剩 而且 太 刻意 想要 製造 哭點 不 是 不 支持 國片 是 真的 不 好笑 也 不 感動 啊 ,0.0
我 只 能 給 剛好 及格 整體 上 少 了 一些 故事 情感 ,0.0
這 分 ,0.0
劇情 普通 但 全程 幾乎 台語 很 扣分 ,0.0
畫面 滿分 再次 看到 迪士尼 大佬 的 作畫 功力 片 中 可以 看到 各 地區 的 特色 畫面 精細度 色彩 配置 光影 變化 跟 冰雪 奇緣比 真是 有過之而無不及 再 仔細 看 會 看到 以往 各 作品 的 影子 不管 是 角色 設計 或是 各 地區 的 環境 特色 會 有 股 熟悉感 音樂 部分 中規中矩 配樂 就 是 依照 當下 的 畫面 特色 與 氣氛 來 作 呈現 與 延伸 不 像 以前 作品 有 歌舞 或是 主題曲 所以 較 無 印象 深刻 的 點 劇情 部分 筆者 認為 是 比較 美中不足 的 地方 大家 都 知道 迪士尼 的 動畫 大多 是 快樂 結局 主角 最終 都 能 達成 他 所 想 的 目標 而 其中 的 過程 才 是 牽動 觀眾 的 情緒 與 有趣 的 地方 但是 本 作 在 劇情 的 呈現 上 稍嫌 簡略 太過 線性 與 直觀 會 讓 人 沒有 驚喜感 蒐集 碎片 的 過程 雖 有 遭遇 困難 但 也 都 是 點到 為止 邪惡 勢力 的 背景 也 是 幾 句 話 就 帶過 了 配角 的 故事 也 是 輕描淡寫 可能 是 因為 有 好幾 個 地區 的 關係 所以 無法 花 太多 的 時間 去 做 刻劃 總結 來 說 這 部 適合 大人 帶 年齡 較 低 的 小朋友 或是 迪士尼 死忠 粉絲 觀看 因為 劇情 好懂 畫面 又 很 漂亮 但 也 因為 劇情 的 深度 與 爆點 較少 可能 較 難 成為 現象級 的 作品 ,0.0
看完 電影院 的 人 差不多 都 睡飽 了 ,0.0
看完 了 人生 中 第一 部 去 戲院 看 的 日本 動畫 電影 因為 我 覺 的 電影院 就 是 要 看 大 製作 的 片 日 韓 電影 我 是 不會 去 戲院 看 的 是 不 難看 但 也 沒有 那麼 神 劇情 早 就 知道 但 因為 太多 人 推薦 所以 去 看看 看 有 多 神 前面 真的 蠻 拖戲 的 我 還可以 去 上 個 廁所 後面 人家 說 很 感人 的 部份 我 完全 無感 看 電影 從 沒 哭 過 復仇 者 終局 之 戰 也 一樣 整 部 看下來 我 覺得 打下弦之五 還 比 電影 精彩 我 的 結論 就 是 是 一 部 不 難看 的 電影 但 沒有 去 戲院 看 的 價值 基本 上 等 就 好 ,0.0
如果 不 是 女 主角 根本 不會 來 看 劇本 寫 的 超爛 ,0.0
打 得 真的 很 精彩 但 演員 們 個個 面癱 劇情 好像 也 沒 什麼 劇情 一 整 個 無厘頭 的 情節 場景 也 搞 得 跟 夜店 一樣 我 真的 無法 了 第二 集 真的 好看 得 多 ,0.0
劇情 雖然 不 算 好 但 整體 很 好看 啊 國片 持續 在 進步 ,1.0
普普 前 半 段 看到 有點 想 睡 有點 過譽 了 ,0.0
這 演技 跟 平常 邱澤 演 的 感覺 很 不 一樣 電影 題材 其實 跟 很多 愛情片 有點 像 但 加入 台式 愛情 與 親情 的 風格 與 我們 更 貼切 蠻 好看 的 ,1.0
後面 情緒 跟 著 劇情 一直 疊加上去 很 感人 ,1.0
雖然 劇情 吐嘲 的 點 太多 但 就 商業 爽片 的 定位 來 說 的 話 完全 有 達到 爽片 的 水準 兩 隻 怪獸 打架 的 場面 很 精彩 不管 是 揮拳 還是 撞擊 的 力道 隔 著 螢幕 都 感受 得 到 ,0.0
看完 超感人 邱澤 演技 太 強 了 難以 想像 ,1.0
過程 刺激 好看 美中不足 的 是 我 覺得 結尾 不 夠 過癮 壞人 死 得 太 簡單 ,1.0
好笑 又 好 哭 好看 要 帶 衞生紙 主角 演 太 好 ,1.0
劇情 很 無聊 有 三 次 回憶 了 之前 劇情 三 次 都 是 重複 回憶 一樣 的 時間 幾乎 佔 了 一半 整 個 劇情 的 舖成 太 長 後面 的 結局 又 潦草 結束 原本 保持 好 的 觀點 進去 看 結果 讓 人 失望 透頂 ,0.0
導演 的 作品 我 都 很 喜歡 這 次 首次 挑戰 大 螢幕 改編 韓國 電影 加入 了 在地化 元素 和 獨特 的 台式 浪漫 雖然 說 劇情 走向 沒有 太 大 的 意外 但 情感 堆疊 的 不錯 還是 令 我 感動 ,0.0
不會 溝通 只 用 情緒化 來 凶 女生 不 是 個 男人 的 行為 有待 改進 ,0.0
這 似乎 只是 連載 的 其中 一 段 而已 並 不 是 新 劇情 失望 透 了 ,0.0
充滿 後座力 的 電影 因為 細膩 的 溫暖 可以 二 刷 的 片 ,1.0
以 國片 來 說 劇情 演技 還 不錯 蠻 感人 的 ,1.0
很 好看 音樂 很 好聽 真實 故事 很 推薦 ,1.0
超 好看 黑色 暴力 爽片 怎麼 廳數 這麼少 ,1.0
一 開始 還好 後來 的 劇情 設定 有點 牽強 ,0.0
演員 演 得 很 好 劇本 普普通 通 但是 還是 值得 一 看 ,0.0
老調 重彈 的 電影 特效 戰鬥 聲光 劇情 都 感覺 不 到 這 是 年 的 新片 根本 浪費 大 螢幕 和 聲道 環繞 音響 虧 戲院 排 那麼多 場次 連環 太平洋 侏羅紀 系列 都 比不上 恐怕 都 被 宣傳 騙 的 吧 ,0.0
明明 就 不錯 看 電影 名 也 不 取 個 好聽 點 直 反 翻譯 很 蝦 的 片名 海報 也 選 一 張 很 路人 甲 的 照片 還好 是 看到 安潔莉娜 主演 才 看 想 說 他 演 的 片 不會 太 差 劇情 不錯 緊張 帶 點 感動 好看 喔 結局 草率點 小 缺點 ,1.0
我 懷疑 男 主角 是 神明 護體 怎麼 打 都 不會 死 ,0.0
看 預告 以為 是 溫馨 搞笑片 進片 真的 覺得 搞笑 逗趣 片 中段 到 結尾 我 整 個 爆哭 到 不行 整 個 有 觸動到 我 的 內心 邱澤 許瑋甯 還 有 蔡振南 大哥 的 演技 都 超棒 的 多多 支持 國片 鼓勵 台灣 這些 認真 用心 的 演員 ,1.0
雖然 覺得 上 一 集 比較 好看 一點 但 娛樂 效果 還是 不錯 ,0.0
動作 不如 以往 精彩 人物 鋪陳 的 很多 卻 沒 啥 特別 收尾 莫名其妙 的 就 到 了 理所當然 的 結局 ,0.0
傑森史塔森 蓋瑞奇 真的 超棒 的 非常 好看 ,1.0
被 評價 騙來 的 韓國 的 好看 多 了 ,0.0
邱澤 演 得 實在 太 好 演技 大 爆發 哭慘 了 我 ,1.0
還 不錯 只 是 最 後面 交代 得 不清不楚 還 不錯 只 是 最 後面 交代 得 不清不楚 ,0.0
爽片 中 的 爽片 相當 好 爽片 中 的 爽片 相當 好 爽片 中 的 爽片 相當 好 ,1.0
人 設 世界觀 故事 都 非常 棒 但 時間 不 夠 說服 觀眾 尋 龍 小 隊 之間 的 情誼 和 與 反派 之間 亦 敵 亦 友 貫通 故事 主軸 的 支柱 但 迪士尼 就 是 迪士尼 值得 花張 電影票 去 看 的 畫面 音樂 絕對 是 翹楚 硬 將 中長篇 作品 塞進 電影 讓 人 覺得 好像 在 看 精華篇 這 點 真的 可惜 了 這 個 好 故事 人物 設定 ,0.0
很 好看 記得 多 帶 一些 面紙 進去 小朋友 好棒 喔 ,1.0
爛死 了 翻拍 最後 還 悲劇 收場 ,0.0
個人 感受 不同 覺得 蠻 好看 的 值得 進場 的 國片 ,1.0
裘莉 演技 真 不 是 蓋 的 各 種 情緒 都 詮釋 得 很 好 劇情 也 很 緊湊 但 這 不 是 一 部 闔家 觀賞 的 片 會 有 一些 血腥 鏡頭 ,1.0
放假 同學 揪去 看 他們 都 二 刷 了 叫 我 一定 要 看 沒 看 過 動畫 不要 輕易 去 看 很多多餘 的 搞笑 和 台詞 非常 尬 分 給 音 效 請 不要 嘴 我 沒 去 看 我 就是 去 看 了 才 來 留言 ,0.0
除了 怪獸 對戰 外 實在 是 沒 啥 好看 ,0.0
我 給 顆 星 但 投 五 顆 星 我 也 是 差一點 因為 前面 的 影評 猶疑 了 一下 還好 有 去 看 這 部 片 雖 有 美中不足 的 地方 但 大致上 算是 拍 的 很 緊湊 了 ,1.0
這 是 韓國片 改編 的 吧 原版 男 主角 是 演 的 不錯 ,0.0
又 笑 又 哭 的 好 電影 劇情 精彩 細膩 ,1.0
感動到 不行 ,1.0
淚流滿面 邱澤 好帥 男女 主角 都 很 會 演 有 讓 我 入戲 ,1.0
真的 太 好看 了 沒 上來 留言 過 幾 次 一定 要 來 推薦 ,1.0
劇情 拖 很 長 卻 又 不 順暢 會 想 睡 看 的 像 在 便秘 一樣 最後 結尾 也 是 牽強 有點 後悔 去 看 這 部 ,0.0
真的 好看 灑狗血 劇情 百 看 不 厭 男女 主角 都 演 的 很 棒 ,1.0
為什麼 那麼 好看 感動 動畫 很多 電影院 都 沒有 真的 蠻 可惜 不管 小孩 成年人 都 適合 真心 推薦 ,1.0
真的 是 看 了 評價 才 去 看 這 部 電影 即便 我 不 是 動漫迷 也 無法 認同 這 部 電影 是 好看 熱愛 看 卡通 電影 的 真的 無法 認同 ,0.0
應該 是 安潔莉娜 裘莉 這 輩子 演 過 最 難看 的 片 了 說 是 女 主角 故事 主軸 卻 不 在 她 身 上 鏡頭 也 不 多 故事 空洞 還 有 一 堆 扯 得 離譜 劇情 看完 我 都 想 讓 導演 死 了 ,0.0
真的 是 我 看過 最 怪異 的 動作片 導演 想 用 反 時光 倒演 來 說明 劇情 流程 但是 就是 不 像 以前 類似 電影 的 感覺 而且 最後 還要 敵人 自己 送上門 應該 說 很 不 符合 傑森 演 動作片 的 強度 ,0.0
網路 上 一 堆 只 給 一 星 負評 的 人 這些 都 是 自以為 把 玩 命 鈔劫 當 完命 關頭 來 看 的 人 然後 上來 抱怨 沈悶 拖戲 這 是 一 部 動作 劇情片 好 嗎 導演 透過 插敘法 來 呈現 故事 的 現在 過去 和 接下來 拜託 那些 腦子 還 沒 發育 完全 的 網友 別 來 戲院 占 位子 乖乖 把 圍兜 穿上 坐進 娃娃 坐椅 好好 看 你 的 幼幼台 就 好 ,0.0
個人 是 非常 喜歡 有 好幾 個 點 深入 我 心 ,1.0
非常 好看 老梗 愛情劇 一樣 可以 拍 的 絲絲入扣 感人 之 極 ,1.0
看完 的 隔天 立馬 就 二刷 了 太 喜歡 演員 詮釋 角色 的 部分 邱澤完 完全全 就 是 阿成 吶 整體 節奏 恰到好處 最後 一起 交代 了 愛情 親情 的 部分 手法 很 厲害 真情 是 哭到 一 個 不能 自己 吶 真心 推推 ,1.0
怪獸 特效 分 人類 演技 邏輯 分 ,0.0
我 是 先 看 韓版 再 看 台版 的 可能 是 因為 已經 知道 劇情 所以 沒有 原先 那麼 期待 畢竟 它 只是 翻拍 原版 的 我 個人 覺得 沒有 超越 原版 的 好看 所以 去 看完 之後 是 有些 失望 的 劇情 都 差不多 甚至 少 了 一些 鏡頭 要 誇 的話 應該 說 男主 詮釋 的 還 不錯 多 了 趣味 以及 男主 所 需要 的 笨拙感 ,0.0
有 什麼 好看 的 抄 韓國 某 一 部 電影 的 劇情 沒 創意 別 以為 別人 都 不 知道 連 一 顆 星 都 不值 ,0.0
爽片 一 枚 但 哥吉拉 瞬間 變 得 超靈敏 還 以為 金剛 會 用 他 的 速度 致 勝 這 級 把 哥吉拉 變 得 太 快 了 很 假 不過 爽片 嘛 ,0.0
看過 台版 跟 韓版 韓版 拍 的 故事 比較 流暢 人物 刻劃 也 比較 細膩 不 標準 情人 有 興趣 也 可以 看看 ,0.0
超 好看 的 尤其 是 傑森 精準 槍法 射殺 敵人 的 畫面 實在 是 太 酷炫 了 ,1.0
勇往直前 的 追愛 細細 地 默默 地 流轉 的 親情 每 個 演員 每 段 小 細節 都 讓 人 動容 ,1.0
好看 只 是 結尾 很 莫名 奇妙 沒 交代 清楚 ,0.0
茄子 蛋 歌 好聽 男女 主角 互動 自然 社會 底層 親情 催淚 稍嫌 狗血 但 整體 不錯 ,0.0
非常 好看 演員 演技 真的 沒 話 說 能 想像 當時 的 背景 及 至今 仍 殘留 的 痕跡 ,1.0
有 笑 有 淚 劇情 起伏 蠻 大 的 好看 舒壓 的 一 場 電影 ,1.0
雖然 邱澤 演 的 角色 屬 浮誇 不實 的 個性 但是 邱澤 演技 真的 很 好 有 笑 有 淚 感人 肺腑 很 久 沒 看 國片 後段 的 親情 真的 讓 人 眼淚 潰堤 的 不能 自己 蔡振南 也 是 很 厲害 好 喜歡 好 喜歡 這 部 片 茄子蛋 的 歌 也 很 加分 整 部 片 無 冷場 推薦給 考慮 要 看 的 人 要 記得 帶 衛生紙 喔 ,1.0
只 能 說 真正 的 救世主 是 那 位 聾啞 小 妹妹 ,0.0
說真的 整 部 劇情 很 單一 打鬥 畫面 很 爽 沒 錯 就 是 爽片 乾 可是 我 看到 覺得 很 無聊 如果 故事 更多 刻畫 一些 人 與 人 的 關係 或是 夾雜 一些 情感戲 我 都 覺得 幫 這 部 更 加分 不然 乾 跟 來到 動物園 在 家 看 國家 地理 頻道 很 像 動畫 特效 給 分 劇情 滿分 分 真的 就 ,0.0
啥 款 安ㄋㄟ ,0.0
一 堆 粉粉 只 為了 集 戲份 的 配角 就 能 哭 的 死去活來 之後 蟲姊 掛掉 豈不是 要 辦 國殤日 了 ,0.0
誰 能 告訴 我 一 個 讓 手下 聞風 喪膽 的 老闆 為何 要 聽 手下 的 調度 進而 造成 一連串 的 連鎖 反應 ,0.0
每 個 演員 都 演 的 很 棒 ,0.0
超讚 讚讚 推爆 邱澤 有夠 帥 電影 中 的 親情 愛情 都 走進 心 裡面 有 大大 的 共鳴 ,1.0
傑森史塔森 太 帥 了 很 好看 劇情 音樂 幽默感 都 有 ,1.0
沒有 邏輯 劇情 可 言 的 一 部 大 片 可惜 兩 個 這麼 好 的 主角 ,0.0
超爽 ㄅㄧㄤˋ ㄅㄧㄤˋ ㄅㄧㄤˋ 傑森 自礙 ,1.0
太 棒 啦 太 棒 啦 太 棒 啦 太 棒 啦啦 太 棒 啦 ,1.0
前面 酸酸 甜甜 的 後面 感動 落淚 啊 ,1.0
很 安全 的 動畫 適合 攜家帶 小 一起 看 動畫 特效 不用說 有 一定 的 水準 ,0.0
不錯 劇情 蠻 緊湊 的 其他 方面 也 ,1.0
台語 真的 很 破 光 用 聽 的 都 受不了 ,0.0
有 溫馨 恐怖 感動 追完 動漫 再 看 會 更 懂 ,0.0
劇情 鋪陳 很 順 不會 讓 人 覺得 看 得 很 累 ,1.0
劇情 富有 教育 意義 迪土尼 動畫 水準 就 是 不 一樣 適合 閤家 歡賞 ,1.0
好 哭 喔 哭起來 讚讚 讚讚 讚讚 很 讚 啊 ,1.0
以 身為 奪 魂鋸 鐵粉 的 我 真的 認為 這 部 比起 前面 系列 還 遜色 許多 兇手 真的 很 好猜 而 血腥 畫面 太少 也 沒 什麼 劇情 反折 只 能 說 在 期待 下 次 吧 ,0.0
好看 好棒 小朋友 必 看 信任 很 重要 ,1.0
怪獸 打鬥 顆 星 劇情 顆 星 本 片 打破 了 哥吉拉 無敵 的 設定 個人 不 是 很 喜歡 ,0.0
對 兩 位 大 主角 沒 愛 的 不 建議 去 看 沒 什麼 劇情 純粹 看 動畫 特效 的 ,0.0
真實 故事 改編 一 個 關於 水俁病 的 故事 ,1.0
這 部 真的 超級 好看 直接 給 五星 劇情 超級 好 畫風 很 美 真的 是 一 部 很 厲害 的 電影 ,1.0
很 值得 去 電影院 支持 的 國片 笑 中 帶 淚 阿 ,1.0
完全 無法 喜歡 男主 的 個性 啊 不 溝通 衝動 做 事 不 考慮 後果 這 種 男人 超雷 的 ,0.0
好看 坐 在 我 旁邊 的 外國 妹妹 都 感動 哭 了 ,1.0
雖然 是 翻拍 韓片 但 有 拍出 台式 到 地 的 感覺 邱澤 演技 大 爆發 主題曲 也 很 棒 ,1.0
說真的 沒有 預期 中 震撼 我 覺得 上 一 集 怪獸 之 王 比較 震撼 ,0.0
拍 的 很 細膩 而且 很 感動 又 好笑 很 推 很 喜歡 ,1.0
給 一 星 的 不 懂得 品嚐好 電影 一定 要 從頭 打到 尾 才 夠 爽 ,1.0
還 不錯 看 但 真的 得 選對 電影院 看 真 刺激 哈哈 ,0.0
劇情 給 顆 星 同 個 場景 種 視角 太 膩 了 特效 音效 以及 動作 給 顆 星 綜合 以上 再 加上 傑森史 就 塔 是 森 帥 滿分 五 顆 星 ,1.0
看 這 部 電影 笑 著 笑 著 就 哭 了 雖然 劇情 偏 芭樂 但 很 能 抒發 情緒 的 一 部 電影 演員 也 把 角色 詮釋 得 很 好 喜歡 ,1.0
超棒 感人 噴淚 可以 刷 好笑 感人 親情 友情 都 有 ,1.0
非常 非常 好看 被 邱澤 的 演技 折服 每 個 眼神 跟 肢體 語言 都 是 滿滿 的 情緒 大推 ,1.0
雖然 劇情 一般 但 演員 們 實在 演 的 太 好 了 有哭有笑 深入 人心 沒有 冷場 是 一 部 我 會 推薦給 朋友 們 的 好 電影 ,1.0
爽片 劇情 內容 沒 共鳴 想 看 震撼 大 場面 的 可以 去 看看 ,0.0
整體 剪輯 細節 台灣 元素 都 恰到好處 但是 劇情 設定 上 女 主角 有 穩定 工作 有 地方 住 到底 怎麼 可能 走頭無路 成 這樣 男女主 相愛 的 部分 鋪陳 也 很 薄弱 因為 香香 的 至於 死纏 爛打 到 這 種 程度 結論 真的 很 羨慕 可以 從 這 部 電影 享受到 樂趣 的 人 ,0.0
好看 準備 刷 了 演員 都 有 到位 ,1.0
反派 好猜 是 誰 死亡 機關 也 有點 少 劇情 也 還 期待 續集 ,1.0
 難怪 為何 台灣 黑道 大哥 會 有 女人 心甘情願 陪 著 過 著 擔心 受怕 跑路 的 日子 似乎 影射 很多 民意代表 黑道 背景 黑道 從政 黑吃 黑 印證 了 人生 的 計劃 趕 不 上 變化 但 重點 是 天下 沒有 白痴 的 午餐 千萬 不要 有 不勞而獲 的 貪念 最後 得不償失 珍惜 身邊 所有 的 人 生命 無常 ,1.0
好 久 沒有 看 動畫 看到 這麼 感動 過 了 進去 戲院 看 吧 不會 讓 你們 失望 的 ,1.0
老梗 結局 是 感人 但 我 沒 哭 ,0.0
雖然 是 一 部 翻拍 的 電影 但 卻 有別於 原版 除了 大綱 相同 但 呈現出 的 卻 很 不 一樣 男女 主角 的 火花 也 相當 吸引人 除了 讓 我 出 了 戲 ,0.0
整體 而 言 不錯 雖然 劇情 翻拍 但 台灣味 有 出來 很 有 風格 但 後面 真的 太 拖戲 小時 分 真的 極限 拍到 兩 小時 後面 讓 人 想 睡 一直 看 手錶 ,0.0
剛 看完 也 看 了 一 堆 評鑑 很 有意思 愛 的 人 覺得 是 宇宙 霹靂 無敵 大 神片 但 在 這些 推崇 的 短 評點 負評 的 幾乎 都 是 點讚 的 人 的 一 倍 不單 是 這樣 這些 很 愛 的 人 很多 還 會 罵寫 負評 的 人 素質 實在 不 高 或者 都 是 一些 國中 高中生 我 也 看完 了 集 再 去 看 電影 電影 和 影集 相比 除了 招式畫 的 好看 很多 其他 實在 沒 什麼 差別 和 影集 一樣 很 會 拖戲 電影 傳遞 了 保護 弱小 的 正 能量 不管 呈現 的 方式 是 真實 矯情 或 幼稚 這 點 都 要 給 讚 結論 這 是 給 小孩子 看 的 電影 ,0.0
好看到 爆炸 你 以為 只是 另 一 部 馴龍 高手 嗎 不 本 片 的 親情 刻劃 揉合 武術 及 東南亞 傳說 故事 的 背景 設定 成就 了 氣勢 滂礡 的 精彩 動作 鉅片 讓 人 隨著 精緻 的 動作 場面 大呼 過癮 又 被 不同 角色 的 故事 以及 意料 之外 的 結尾 感動 得 淚眼 汪汪 全 片 節奏 精準 過程 毫無 冷場 拉雅榮登 迪士尼 影史 上 最 會 打鬥 的 公主 交通 工具 犰狳 圖圖 成為 個人 心目中 最 可愛 的 萌寵 可以 問鼎 迪士尼 年度 最 強 動畫片 每 個 環節 都 處理 得 相當 用心 觀看 過程 一直 有 種 久違 的 奢侈感 這 才 是 觀眾 期待 的 驚奇 與 感動 啊 相當 推薦 闔家 觀賞 順帶 一 提 本 片 開演 前 會 播放 短片 可謂 樂來越 愛 你 版本 的 天 外 奇蹟 有沒有 看 短片 就 先 飆淚 的 道理 務必 準時 入場 錯過 任何 一 秒 都 非常 可惜 ,1.0
邱澤 演技 真 好 把 男 主角 演活 了 劇情 稍嫌 單調 一點 ,1.0
好看 團結 力量 大 合唱團 比賽 不 在於 結果 在於 過程 ,0.0
演員 都 不錯 尤其 邱澤 的 演技 非常 好 感動 ,1.0
一 部 不錯 的 電影 唯一 的 缺點 就是 時間 太 短 了 能夠 再 多 個 幾 分鐘 把 壞人 的 背景 和 幕後 主使 者 殺人 滅口 的 動機 完全 講 清楚 在 多加 一些 動作戲 這樣 會 更 完美 ,0.0
有 笑 有 淚 有 親情 愛情 推 邱澤超 會 演 值得 看 ,1.0
有夠 難看 沒 劇情 沒 內容 國片 加油 吧 ,0.0
劇情 緊湊 算得上 是 爽片 一 部 可惜 時間 太 短 無法 交代 後續 算 比較 遺憾 的 地方 ,0.0
看完 覺得 浪費 時間 劇情 老梗 不便 ,0.0
當初 看 預告 和 朋友 說 這 龍 有點 醜 但 帶有 龍 傳說 和 濃厚 東亞 風格 的 要素 很 吸引 我 看完 也 不 讓 我 失望 故事 有點 緊湊 但 配樂 場景 都 很 棒 ,1.0
聽見 歌 再 唱 電影 名字 取 的 很 好 聽見 歌 再 唱 而 不 是 聽見 歌 再 唱 劇情 敘述 一 所 沒有 特色 的 偏鄉 學校 因為 要 被 廢校 而 參加 兒童 音樂 比賽 的 過程 布農 小孩 的 聲音 很 棒 完整 的 呈現 聽見 歌 再 唱 的 意境 ,0.0
有 神 配樂 跟 不錯 視效 可是 故事 鋪陳 很 爛 的 電影 明明 電影化 但 整 個 故事 節奏 還是 的 模式 這 點 很 糟糕 能 明顯 看出來 集 與 集 之間 的 切割點 導致 沒有 看 電影 的 感覺 而是 看 四 部 集數 合 在一起 炭志郎 一 堆 內心 台詞 感覺 很 沒 意義 還 常常 打亂 故事 節奏 每 次 都 準備 要 熱血 起來 又 被 他 內心 台詞 卡掉 情緒 電影 最 大 的 賣點 明明 是 壽杏郎 的 犧牲 如果 是 合格 的 編劇 應該 把 故事 焦點 側重 在 他 身 上 而 減少 其他 沒 意義 的 地方 我 一點 也 不 想 看 善逸 跟 伊之助 的 搞笑 最後 整 部 戲 最 熱血 的 反而 不 是 大哥 的 犧牲 而是 炭志郎 被 魘夢 擊暈 屢敗屢戰 的 片段 因為 只有 那 一 段 的 情緒 鋪陳 最 連貫 我 覺得 鬼滅 最 大 的 優勢 是 梶浦 的 配樂 動畫 有 八成 張力 都 靠 配樂 可是 故事 節奏 真的 爛 明明 有 神配樂 跟 佳 特效 結果 故事 節奏 常常 搞 到 後 兩 者 只 發揮 六十 分 實力 讓 我 想起 對 動畫 的 一 段 評論 好 劇情 救得了 爛 畫面 但 好 畫面 卻 救不了 爛 劇情 ,0.0
就 是 一 個 失智 老人 看 他 失智 以後 內心 幻想出來 跟 現實 之間 的 反差 這樣 ,0.0
前面 十足 喜感 後面 轉折 感人 電影 劇情 安排 反差 很 大 哭 了 很 好看 ,1.0
前面 好笑 後面 很 感人 演員 都 演 的 很 好 ,1.0
好看 台視 電影 前面 好笑 但 後面 哭爆 是 現在 台灣 很 少 有 用 這樣 的 做法 可以 說 是 很 成功 的 電影 ,1.0
不愧 是 蓋瑞奇 超喜歡 今年 最 好看 ,1.0
好看 無 冷場 很 值得 進 戲院 觀看 ,1.0
我 真的 不 適合 看 無 腦片 看到 一半 就 走人 了了 近年 來 看過 片 以上 第一 次 走人 怪獸 幹架 特效 是 還 不錯 啦 ,0.0
電腦 動畫 真的 沒 話 講 是 哥吉拉 和 金剛 等 獨立 電影 裡面 動畫 水準 最 高 的 一 部 只 是 感覺 片長 有點 短 不 算 後面 的 跑字幕 差不多 只 有 小時 分 就 結束 了 然後 最 不能 接受 的 航空母艦 乘載 兩 隻 怪獸 別 說 兩 隻 就 連 金剛 也 載 不 動 電影 真的 太 唬爛 了 如果 是 用 貨櫃 輪船 運載 才 合理 呀 比如 長賜 輪 ,0.0
真的 超好看 大推 ,1.0
很 好看 但是 會 掉淚 請 準備好 衛生紙 男女 主角 演戲 很 到位 劇情 也 不錯 ,1.0
別 看 預告 直接 進去 哭 就 對了 相信 我 ,1.0
有 刻畫 了 女主 創傷 內心 破碎 的 經歷 也 有 著重 在於 漢娜 協助 康納 尋找 求生 之 路 象徵 了 勇氣 克服 心魔 克服 一切 困難 的 勵志 劇情 打 著 森林 救火 的 災難 主題 加上 酷帥 殺手 更 是 有 女神 安潔莉娜 裘莉 的 賣力 加持 之下 其實 電影 前 半 段 感覺 有 營造 了 不錯 的 緊張 氛圍 不過 後續 發展 僅 局限於 殺手 獵殺 小 男孩 上面 格局 小 了 點 森林 救火 部分 也 沒 太多 的 著墨 而 後續 有沒有 將 弊案 揭發出來 裡面 到底 是 牽扯到 什麼 動搖 國本 的 事情 也 不 是 這 部 片 的 重點 並 不 在 這 部 的 劇情 裡面 不過 呢 喜歡 女神 的 朋友 還是 可以 來 參考 看看 啦 ,1.0
就是 如出一轍 的 台式 鄉土 文化 所 帶出 的 黑色 幽默 非常 老掉牙 了 不 知道 好看 在 哪裡 這 種 浪子 劇情 不如 去 看 年 黎明 演 的 都市 情緣 ,0.0
衝 著 傑森史塔森 去 看 結果 很 失望 劇情 很 慢 而且 沒有 太多 刺激感 缺少 了 很多 元素 ,0.0
人類 的 戲 真的 可以 少一點 金金 跟 拉拉 出場 的 戲 好看 多 了 另外 金剛 的 大 棒棒 是 不 是 跟 索爾 借 的 啊 小女孩 長 的 好像 天使 小女孩 哭 的 時候 我 也 跟著 哭 了 ,0.0
跟 媽媽 去 看 媽媽 也 是 流淚 雖然 芭樂 劇情 但 演員 演 得 真的 很 好 演員 哭 也 真的 想 跟著 哭 ,1.0
好 快 的 火 喔 底迪 演技 不錯 阿殺手 的 金費 好像 不 太 夠 嗎 就 很 般 般 片 ,0.0
這 部 真的 無法 希望 國片 能 再 加油 ,0.0
這 片子 好看 在 哪 不 懂 浪費 了 電影 票錢 ,0.0
除了 一 堆 小 屁孩 喜歡 鬼滅 這 部 電影 外 還 有 兩 種 人 一 種 是 跟 風 管 心 裡 到底 喜歡 不 喜歡 稱讚 就 對了 不然 感覺 自己 好像 沒 鑑賞力 跟 不 上 社會 還 會 有 同儕 的 異樣 眼光 一 種 是 平常 沒 在 看 動漫 所以 看 了 覺得 ㄟ 還 真 不錯 然後 喊 著 這 種 當然 不能 跟 宮崎駿 動畫 電影 比 啊 因為 心 裡 就 把 他 列為 比 宮崎駿 電影 更 的 等級 真的 愛 看 動漫 又 不 是 小屁孩 的 人 看 了 真的 覺得 還好 當然 也 可能 有 喜歡 動漫 的 人 喜歡 這 部 比 他 好 的 動漫 多 太多 了 幾十 百 部 以上 只 是 一 堆 人 根本 平常 沒 在 看 動漫 就 來 個 一 日 動漫迷 這樣 就 像 一 日世足迷 平常 沒 在 關注 世足 的 時候 表現 得 多 愛 足球 為什麼 因為 這樣 跟 不少 人 有 同樣 話題 還可以 一起 去 運動 餐廳 吃飯 喝 酒 看 世足 打卡 一下 然後 還 批評 不 怎麼 喜歡 鬼滅 電影 的 人 說 他們 沒 心 心 中 無 愛 不 懂 甚麼 之類 的 哼哼 ,0.0
殺 腐敗 的 警察 是 好 但 血腥 程度 不 像 以前 結局 太 爛 劇情 到 一半 猜 得 到 是 誰 音效 還 不錯 但 劇情 寫好 一點 就 好 了 ,0.0
大哭 特哭 真的 很 好看 劇情 不 拖泥帶 水 情緒 演技 到位 哭爆 我 的 眼 茄子蛋 ㄉ 兩 首 歌 也 是 好聽到 爆炸 ,1.0
為 了 我 老公 而 看 的 有 他 的 片 就 是 棒 ,1.0
以 近期 的 電影 跟 動畫 而言 是 還 不錯 可是 這 分數 實在 高 得 離譜 現在 的 人 都 瘋 這 種 東西 嗎 ,0.0
真的 超 好看 有 笑點 有 淚點 每 個 演員 都 是 演技派 的 又 是 導演 第一 部 作品 當然 得 支持 呼籲 大家 多多 支持 國片 讓 好人才 出頭 ,1.0
爽片 一 部 劇情 對得起 片名 了 如果 你 是 想 看 劇情 佳 感人肺腑 有 深度片 建議 好好 看看 這 部 片名叫 什麼 真的 就 是 哥吉拉 大戰 金剛 嗎 ,0.0
難得 的 一 部 好 國片 看完 熱淚盈眶 真的 大推 邱澤 演技 真的 很 讚 ,1.0
下午 剛 看完 這 片 不 是 那 種 乒乒 砰砰 一路 從頭無腦 打到 尾 的 老梗 爽片 但 我 看完 覺得 很 爽 不同 視角 時序 跳轉 的 說 故事 手法 讓 整 片 妙趣 橫生 復仇 和 復仇 所 帶來 的 後果 才 是 爽片 包裝 下 的 母題 留 一 星 的 人 是 認真 有 看過 這 片 嗎 拍成 這樣 給 一 星 ,1.0
好 久 沒 進 電影院 大 螢幕 看 真 開心 ,1.0
哭 到 不行 還 我 眼淚 來 啦 ,1.0
剛剛 去 看 真的 好看 爆滿 ,1.0
衝 著 這邊 的 好評 去 看 的 只 能 說 大家 各 有 所好 低俗 的 台片 實在 不 是 我 喜歡 的 但 畢竟 是 國片 還是 給予 祝福 ,0.0
好看 ,0.0
從 重 節奏 的 配樂 開始 一直 讓 人 感覺 不安 復仇 的 情節 不 落俗套 前後 對照 跳接 加深 了 懸疑 當然 少不了 男主 的 霸氣 動作 直到 劇終 才 讓 人 鬆 口 氣 ,1.0
非常 好看 的 一 部 電影 超 感動 大推 ,1.0
劇情 緊湊 好笑 又 感動 推薦 不愧 是 迪士尼 寓意 深遠 ,1.0
不 太 喜歡 前 半 部 看完 覺得 有點 無言 感覺 是 不用 動 腦 的 電影 不過 身邊 的 小學生 好像 蠻 喜歡 的 ,0.0
希望 可以 走出 國片 從古以來 的 路線 販賣 悲情 跟 講 台語 就 要 搭配 粗俗 的 用語 或 形象 他 不 是 什麼 不 好看 的 片 但 就是 劇情 老套 刻意 煽情 沒有 新意 甚至 不 合 邏輯 或 道德 那 個 角色 跟 邱澤 的 關係 最後 還 去 參加 不 破梗 合 邏輯 嗎 值得 稱讚 的 地方 演員 演技 都 值得 稱讚 整體 影片 的 質感 美術 色調 忠實 呈現 台灣 的 巷弄 街景 及 影片 中 主角 在 台灣 可能 的 居住 環境 ,0.0
看 演技 就 好 這 種 冤冤相報 的 感情債 可 不 是 好事 別 誤導人 ,0.0
一 開始 以 爲 是 喜劇片 結果 哭 爆 了 又 笑 又 哭 ,1.0
本部 除了 許瑋甯 很 正 以外 其他 真的 很 普通 有 一點 笑料 不過 戲劇 張力 過 弱 ,0.0
出乎意料 的 好看 好 哭 好笑 ,1.0
平心而論 對於 有 看過 動畫 但 不 屬於 是 超粉 而言 只有 最後 炎柱 對戰 是 好看 的 前面 有點 無聊 如果 你 是 超粉 應該 會 覺得 很 好看 ,0.0
超 值得 一 看 從 中間 哭 到 片尾 後勁 很 強 邱澤 演 的 很 到位 很 細膩 的 拍攝 手法 可以 刷 ,1.0
我 喜歡 這 部 哲理 的 電影 真的 很 好看 但 要 專心 看 才 行 強推 ,1.0
還是 絕對 魅力 的 贊 ,1.0
情感 及 故事線 主要 都 放 在 金剛 反而 哥吉拉 有 種 退居 配角 的 感覺 打鬥 場面 依舊 相當 震撼 精彩 不過 人類 劇情線 真的 很 糟糕 結局 的 關鍵 也 處理 得 十分 可惜 ,0.0
被 邱澤 演技 圈粉 好笑 又 感人 的 國片 貫穿 愛情 親情 人情 值得 進院 觀賞 ,1.0
非常 好看 很 感動 不論 是 男生 還是 女生 我 覺得 真的 會 觸動到 親情 與 愛情 與 我們 之間 的 共鳴 票房 也 在 九 天 破 億 推薦 大家 去 看 闔家 觀賞 的 好 片 ,1.0
從頭 開始 沒 冷場 笑 中 帶 淚 超推 的 一 部 片 ,1.0
是 不錯 看 但 如果 要 跟 前面 的 比 真的 前面 的 拍 得 比較 血腥 也 較 符合 原本 影片 的 精髓 這 次 真的 可惜 了 但 還是 愛 ,0.0
好看 進影院 支持 國片 的 第三 部 電影 真的 很 讚 ,1.0
大家 好像 都 不 知道 這 是 翻拍 韓國 片 ,0.0
這 真的 是 我 見 過 迪士尼 美術 畫面 最 多元 的 一 次 了 很 美 也 很 講究 講到 親情 的 部分 也 讓 我 感動 落淚 非常 推薦 這 部 動畫 作品 真的 很 值得 進 電影院 觀賞 ,1.0
二 刷 看出 轉折 前 的 細節 在 龍牙 反派 拿 弩箭 指 著 水龍 時 龍心 公主 如 龍脊 倖存 者 所 說 的 被 憤怒 蒙蔽 雙眼 仍 不 信任 他人 包括 對 水龍 其實 也 沒有 完全 信任 所以 將 馬來劍 彈出 反派 龍牙 驚嚇 之 虞 誤 扣 箭 矢板機 好 引發出 如同 水龍 提及 信任 力量 的 後續 轉折 ,1.0
我 是 有 看過 鬼滅 漫畫 劇情 的 人 我 覺得 非常 感人 好看 只不過 再 好看 的 動畫 總是 有 美中不足 的 地方 像是 上弦叁 的 打鬥 與 特效 方面 真的 有點 美中不足 不過 大哥 的 特效 與 整體 的 震撼度 真的 非常 厲害 但 反而 讓 我 更加 驚艷 感人 的 是 炭治郎 在 最後 哭 的 地方 真的 會 讓 人 不 知覺 落淚 我 覺得 鬼滅 就算 你 看過 漫畫 還是 可以 來 看看 這 劇場 版 雖然 他 有 美中不足 但 從 前面 最 後面 你 都 會 感到 相當 的 感動 柱 真的 不 簡單 阿 加上 大哥 和 母親 的 對話 更 是 整 部 戲 的 精華 感動 萬分 ,0.0
好笑 又 感人 的 國片 值得 進 電影院 觀賞 ,0.0
整體 還 行 但 不如 預期 印象 深刻 與 震撼 ,0.0
歌 好聽 演員 演技 到位 劇情 雖 老套 但 故事 講 得 很 好 ,1.0
真的 有夠 灑 狗血 但 兩 個 浮誇 的 朋友 哭 的 要 死 ,0.0
笑笑哭哭 的 一 部 好 片 真心 推薦 ,1.0
前面 甜甜 後面 整 個 酸酸 阿成 的 爸爸 從 家 裡 走出來 淋雨 那 幕 整 個 爆哭 ,0.0
這 集 劇情 走向 都 猜 得 到 下 一 步 在 哥吉拉 怪獸 之 王 因為 摩斯拉 的 犧牲 啟動 最 強 紅蓮 狀態 但 跟 機械 哥吉拉 打架 時 是 因為 劇情 需要 哥吉拉 覺得 機械 哥吉拉 太 弱 所以 要 放 機會 給 金剛 表現 大綱 就 是 王者 換人 做 的 意思 金剛 就 強 在 那 根 斧頭 就 這樣 沒 驚喜 期待 抱 太 大 看完 後 的 失落感 ,0.0
女 主角 演 的 太過 用力 不 自然 到 部落 生吃 飛鼠腸 那 場 哭戲 看 得 非常 尷尬 簡單 來 講 有 種 翻拍 歌唱版 紅葉 少棒 的 感覺 與其 看 這 部 不如 二刷 當 男人 戀愛 時 ,0.0
很 好看 感動到 很 推薦 台灣 難波萬 ,1.0
台式 浪漫 啦 雖然 男 主角 的 角色 設定 有 些 情況 很 不 討喜 但 啥 款 情感 傳遞 的 很 好 整 個 大 淚 崩 ,1.0
值得 一 看再看 的 好 電影 推爆 爆 ,1.0
讓 人 感動 的 故事 迪士尼 的 動畫 品質 真 不錯 ,1.0
主角 身份 也 是 劫匪 而且 是 頭頭 故事 一 開始 是 主角 那 一 幫 的 設計好 看來 是 請來 的 打手 黑吃 黑 主角 其實 不需 有 喪子之仇 就 黑吃黑 就 可以 追殺 他們 覺得 是 加入 喪子 的 劇情 主角 的 復仇 才 顯得 更為 正向 看起來 也 真的 將 觀眾 視線 轉移到 喪子 復仇 身 上 而 淡化 主角 原是 劫匪 頭目 一 事 成功 由 黑轉白 ,0.0
觀影 過程 中 數 度 遮住 眼睛 和 耳朵 有 刺激到 雖然 結局 很 好猜 但是 死法 還是 很 血腥 不 覺得 有遜於 前作 我 不 是 工讀生 花錢 去 看 的 奪 魂鋸 系列 一直 是 我 的 愛 希望 有 續集 ,1.0
或許 期待度 太 高 看完 電影 似乎 還是 覺得 上 一 集 比較 精彩 ,0.0
笑點 夠 好笑 哭 點 也 好 哭 男女 主角 演技 直接 讓 這 部 戲 提升 一 個 檔次 尤其 是 邱澤 演技 十分 的話 我 給 十一 分 ,1.0
劇情 緊湊 不會 感到 無聊 看完 會 覺得 很 感動 果然 迪士尼 就 是 不會 讓 人 失望 ,1.0
開頭 噁爛 兇手 中間 就 知道 是 誰 了 ,0.0
雖然 沒有 上 一 集 怪獸 之 王 好看 但是 整 部 片 是 真 的 爽度 爆表 只不過 前面 鋪陳 有 一點 無聊 勉強 給 顆 星 ,0.0
劇情 不錯 啦 血腥 程度 還好 應該 還是 有 續集 ,0.0
看到 首映 感到 幸福 真實 故事 改編 多 次 令 人 動容 電影 結尾 真的 值得 令 人 反思 ,1.0
剛 看完 意外 好看 以前 對 傑森史塔森 沒 什麼 感覺 但 這 片 裡 的 他 很 帥 很 性格 有 推薦 他 以前 的 什麼 片 嗎 想 去 補 ,1.0
真心 推薦 劇情 整 個 起承轉合 都 恰到好處 最後 還是 守 不 住 眼角 泛下 男兒 淚 激推 ,1.0
夭壽 好看 完全 沒有 冷場 只是 覺得 好幾 個 人 長 得 好像 臉盲 ,1.0
雖然 劇情 老套 但是 演員 演技 精湛 導演 編劇 改編 的 很 讚 配樂 也 很 好 值得 進場 支持 的 台片 ,1.0
好多 人 跟 我 說 看 了 多 感動 哭 到 發抖 但 我 看完 整 個 找 不 到 哭 點 只 覺得 女 主角 衰 到 爆 很 煽情 又 沒 甚麼 新意 ,0.0
好看 劇情 敘述 也 是 時間 交錯 的 方式 但 不會 看 不 懂 越 到 後面 越 精彩 很 喜歡 懸疑 的 氣氛 另外 蓋瑞奇導 的 電影 配樂 很 好聽 ,1.0
邱澤 演技 好 到 另 一 個 境界 茄子 蛋 配樂 讚 到 無話可說 ,1.0
就 鄉土劇 的 濃縮版 吧 笑點 是 屎屁 尿 衝突點 是 暴力 與 金錢 人物 成長點 是 絕症 伏筆 跟 閃回 有點 突兀 沒 啥 驚喜 結局 想來 的 首尾 呼應 可惜 醫院 部分 拍 得 太 出戲 了 ,0.0
到底 哪裡 動作 場面 少 啦 害 我 差點 錯過 這 部 看 電影 就 是 看爽 不 是 在 給 你 讀書 啥 都 要 邏輯到 一 個 正常 那 沒有 一 部 能 看 了 ,1.0
迪士尼 總是 不會 讓 人 失望 覺得 這 部 片 讓 人 相當 過癮 再次 呈現 不用 華麗 外表 包裝 智慧 與 自信 的 魅力 足夠 閃耀 周圍 的 人們 了 是 部 不論 男女 老少 都 會 喜歡 的 電影 ,1.0
 個人 認為 韓國版 比較 好看 ,0.0
就 是 一 個 臉 換成 別人 就 會 想 聲請 保護令 的 男 主角 不學無術 暴力 少 收債 不 是 自己 的 債 就 變 得 善良 好好笑 這 種 電影 台灣人 推爆 真的 很 悲傷 ,0.0
前 個 小時 看到 快 睡著 劇情 實在 不 怎麼樣 和 上 一 部 大戰 三頭龍 的 緊張 感受 相差 太多 只要 人 一 出來 就 冷場 只有 後面 分鐘 能 看 ,0.0
前面 有 歡笑 後面 淚 狂奔 真的 很 好看 ,1.0
傑森史塔森 沒 讓 人 失望 整 場 超 緊湊 真的 是 超爽片 ,1.0
爽片 一點 都 不 爽 折磨 壞 人 都 不會 死 得 那麼 乾脆 唉唉 浪費 了 一 部 好 片 ,0.0
還 好看 的 啦 最後 有 小 感動 雖然 大部份 的 戲 都 這樣 演 呵呵 ,1.0
非常 震撼 人心 的 電影 讓 人 反思 公害 與 環境 保護 的 嚴重性 ,1.0
好看 好笑 動畫 很 美 劇情 還 不錯 大 朋友 小朋友 都 喜歡 ,1.0
中間 過程 好 攏長 看到 彈頭 背骨 的 被 黑吃黑 一 槍 爆頭 就 一 個 爽 字 ,0.0
這 看 個人 吧 反正 我 覺得 好看 能 讓 人 又 笑 又 感動 雖然 是 翻拍 的 但 最後 呈現出來 的 結果 是 好 的 這樣 就 足夠 了 ,1.0
爽片 也 要 兼顧 劇情 好 嗎 劇情 虎頭蛇尾 傑森史塔森 是 很 缺 錢 嗎 接 這 種 爛片 給 顆 星 灌水 的 工讀生 賺錢 也 要 摸 著 良心 啊 ,0.0
製作 非常 精彩 細膩 有 劇情 教育性 讚 ,1.0
劇情 有點 拖 平淡 除了 森林 大 火 場景 做 得 不錯 有 大量 的 蒙大拿 森林 美麗 景致 沒有 其它 了 個人 覺得 在 家 等 電視版 看看 就 很 夠 了 ,0.0
不錯 看 讓 我 想起 老高 講 的 錢 是 什麼 ,1.0
超級 無敵 好看 我 哭 了 半 個 小時 情緒 一直 走 不 出來 邱澤 本人 很 帥 ,1.0
總而言之 只 有 一 句 話 超 好看 的 傑森史塔森 就 是 帥 ,1.0
非常 非常 非常 好看 又 感人 導演 劇本 劇本 好 ,1.0
就 是 好看 傑森 就 是 超酷 帥 ,1.0
血腥 暴力 程度 真的 降滿 多 的 希望 如果 有 第 集 不要 降到 變成 輔導級 ,0.0
剛 追完 鬼滅 之 刃 的 動畫 跟 漫畫 這 部 劇場版 就 是 動畫 最 新 的 幾 集 搬到 電影院 去 放 而已 沒有 獨立 的 劇情 原本 就 很 感動 的 橋段 放 在 哪 都 是 很 感動 但 以 電影版 來 說 還是 沒有 到 很 出色 的 地方 劇情 出場 人物 都 太過 單調 豐富度 也 是 遠遠 不 夠 以 剛 完結 的 鬼滅 來 說 出 這 電影 來 給 原本 的 粉絲 來 說 是 很 棒 的 福利 但 與 其他 熱門 動畫 的 電影 來 說 差距 還是 滿 大 的 近期 因為 疫情 的 關係 沒 什麼 電影 大作 鬼滅 才 得以 殺出 重圍 八 去 電影院 看看 也 不錯 不過 鬼滅 的確 是 一 部 不錯 漫畫 整體 劇情 很 短 設定 也 簡單 好懂 ,0.0
很 成功 的 國片 讓 觀眾 可以 又 笑 又 哭 記得 帶 衛生紙 進 電影院 ,1.0
看完 的 心得 沒 什麼 劇情 完全 靠 特效 如 不 愛 主角 千萬 別 去 看 ,0.0
還 算 耐人尋味 想 嚴懲 所有 有 一絲絲 腐敗 的 任何 人 但 我 想 沒有 人 是 的 好 或 壞 吧 其實 拼圖 的 殺人 遊戲 跟 這 個 兇手 差多了 拼圖 真的 會 讓 人 有 一 絲 活命 機會 ,1.0
有 一 個 光頭 就 給 一 個 讚 有 一 個 光頭 拿 著 槍 就 給 五星 ,1.0
劇情 張力 薄弱 看完 只 覺得 許瑋甯 超衰 ,0.0
雖然 劇情 中 有 部分 牽強 能 感受 得 到 劇組 與 導演 是 非常 用心 在 拍攝 此 片 唯一 美中不足 是 機械 哥吉拉 外型 難看 沒有 牙齒 與 整體 外形 讓 機械 哥吉拉 很 其貌不揚 我 覺得 一級 玩家 的 哥吉拉 外型 上 優於 此 片 很多 ,0.0
我 哭 四 次 兩 位 主角 演技 真的 是 絕 了 ,1.0
爽片 無誤 可以 盡情 期待 大 場面 大 特效 大聲 地 聽到 怪獸 的 嘶吼 跟 爆破 ,0.0
笑 中 帶 淚 的 電影 一定 要 準備 衛生紙 進 影院 電影 結束 時 感覺 大家 還 沉浸 在 戲 裡 真的 能 體會 有 人 會 想 再 刷 這 部 電影 邱澤超 帥 男女 主角 床戲 身材 也 很 有 看頭 ,1.0
又 哭 又 笑 演員 很 棒 邱澤 真的 眼神 舉止 都 好強 ,1.0
真的 就 是 爽片 我 中間 一度 睡著 ,0.0
我 和 女兒 都 覺得 非常 好看 會 感動 ㄛ ,1.0
超級 好看 女兒 也 超級 喜歡 ,1.0
扣人心弦 的 劇情 是 部 好 片 無庸置疑 ,1.0
有 機會 二 刷 ,1.0
前面 很 可愛 笑 得 很 開心 後面 不 說 了 衛生紙 準備好 哭 到 瘋吧 真的 很 好看 ,1.0
改編 自 真實 故事 非常 好看 揭露 日本 政府 害怕 被 國際 知道 的 事情 強尼戴普 的 演技 不用說 去 查 了 尤金 的 照片 只 能 說 真的 很 像 這 種 電影 場次 沒 不 該 這麼少 啊 ,1.0
劇情 有些 灑狗血 雖然 靠 演技 及 氣氛 營造 還是 賺 人 淚水 但 看完 會 覺得 空空 的 ,0.0
好看 到 爆 強烈 推薦 大家 去 看 而且 感覺 好像 有 泰國 文化 ,1.0
劇情 簡易 好猜 不過 靠 著 演員 精湛 的 演技 很 容易 讓 人 入戲 最後 當然 也 哭到 稀哩嘩啦 支持 國片 ,1.0
蠻 令 人 感動 的 小 三 隻 猴子 還 有 船長 小鬼 都 萌到 令 人 印象 深刻 雖然 劇情 中規中矩 但 還是 一如 往常 的 好看 推推 ,1.0
超 好看 你 各 位 一定 要 看起來 好 ㄇ ,1.0
邱澤 演技 沒 話 說 好笑 又 催淚 可惜 的 一 點 是 沒有 讓 人 印象深刻 的 歌曲 ,1.0
就是 覺得 好看 男性 友人 後面 看到 一直 在 哭 呢 ,1.0
蓋瑞奇 導演 的 片 很 可惜 劇情 普普 結果 也 還好 ,0.0
 ,1.0
國片 這些 年 就 是 流行 一 種 刻意風 騙騙 小朋友 的 眼淚 ,0.0
我 覺得 還 不錯 不會 睡著 的 電影 又 哭 又 笑 的 男女 顏值 頗 高 只 是 結局 嗚嗚 嗚嗚 ,0.0
從 頭 笑到 尾 有 哭 有 笑 無 冷場 情感 表達 恰到好處 大推拉 ,1.0
值得 一 看 場景 美麗 劇情 溫馨 裡面 的 龍 還 有 主角 的 夥伴 都 毛茸茸 好 可愛 唷 ,1.0
很 接 地氣 一 部 片 男 主角 演 的 很 好 好 好看 推推 ,1.0
覺得 還好 沒有 到 很 好看 至少 我 沒有 哭 的 感覺 與 神 同行 第一 部 雞 不可 失 還 比較 很 好看 ,0.0
劇情 爛 到 爆 只 有 特效 和 打鬥 場面 可以 看 ,0.0
前天 看完 美麗華 特映 本 作 的 畫面 更 明亮 戰鬥 更 流暢 怪獸 的 激戰 不再 像 前 作 那樣 不時 被 穿插 的 人類 戲份 打斷 節奏 且 兩 大 怪獸王 者 雖然 明確 分出 了 勝負 但 並 不會 讓 兩 邊 的 支持 粉絲 失望 文戲 劇情 扁平 在 怪獸 與 人類 的 時間 比例 取捨 下 本 集 直接 選擇 了 怪獸 為主 人類 部分 只有 其中 一 支 線 任務 的 敘述 較多 其他 正反派 則 單薄 到 沒 什麼 存在感 甚至 對於 前 作 怪獸 之 王 劇情 也 未 多 做 聯結 與 補述 有些 可惜 所幸 怪獸 的 激鬥 打好 打滿 整 部 電影 也 藏 著 些許 日版 哥吉拉 的 致敬 彩蛋 非常 紓壓 爽度 爆表 的 爽片 ,0.0
翻拍 撈 一 筆 拍拍 屬於 自己 台灣 的 電影 吧 ,0.0
故事 前面 節奏 稍微 慢 會 比較 好 吃 的 食物 嗯 那 個 辣蝦粥 湯 看 人 最 滿意 的 是 詐騙 寶寶諾諾 因為 嗯 稍微 還 搞笑 的 整體 故事 感人 信任 嗯 可以 真 要 說 拿 那 海洋 動畫 跟 這 比對 嗯 這 動畫 特效 必 竟 這 龍畫 的 還 有 其它 那 貓類 虎 動物 嗯 當然 在 想 的 那 魔 那 真的 如果 有 續集網 那 嗯 看 每 個 人 至少 那 詐騙 寶寶 諾諾 嗯 滿意 ,1.0
看過 漫畫 就 知道 這 明明 應該 是 第二 季 的 動漫 硬 要 弄成 電影 來 薛 一波 無解 但 還 是 好看 的 ,0.0
真的 好好看 唷 比 韓版 好 哭 好笑 準備 明天 二 刷 ,1.0
遮住 主演 導演 是 不錯 的 動作片 可是 看過 紳士 追殺令 後 變成 還可以 的 片 都 知道 主角 最後 會 復仇 成功 可是 只是 打 個 個 人 就 裝死 讓 對方 內鬥 是 怎樣 ,0.0
劇情 太過 簡單 又 空洞 演員 的 腳色 安排 也 過於 簡陋 失去 了 這 部 片子 的 特色 ,0.0
好看 呀 大推 就算 他 翻拍 至少 他 講 的 話 演員 的 演技 都 是 不可 否認 的 差點 哭出來 哈哈 感人 ,1.0
強尼戴普 演技 爆發 呀 完全 想不到 居然 是 他 主演 ,1.0
如果 沒有 那 最後 分鐘 的 打鬥 前面 劇情 慢 到 睡著 ,0.0
是 個 感人 的 愛情片 但 也 參雜 很多 笑點 或許 是 怕 大家 哭 得 太 慘 推 ,1.0
看 著 最後 的 情節 一直 想到 驟 逝 的 小鬼 雖然 狀況 不 太 一樣 但 真的 淚 不停 ,1.0
想 看 馬德法克 的 會 失望 他 只是 客串 以往 這 系列 都 是 以 花式 殺人 為主 這 集 添加 了 一些 懸疑 要件 但 這 也 是 這 集 最 大 的 敗筆 因為 兇手 是 誰 動機 是 什麼 實在 太 明顯 了 ,0.0
讓 我 忍不住 來 留 短評 到底 是 誰 把 這 部 片 捧 這麼 高 劇情 老套 到 不行 低下 的 部分 就 看 其它 評論 吧 這 部 片 真的 不 值得 ,0.0
是 哥迷 的 我 真的 是 從 期待 到 看完 不 想 再 看 下 一 部 作品 這 部 了 ,0.0
就 是 爽片 無誤 同 一 個 案 發現場 可以 用 不同 角度 拍攝 還 蠻 喜歡 的 ,1.0
還是 韓國版 比較 好看 希望 國片 能 進步 不要 只 會 ,0.0
我 今天 終於 看 了 當 男人 戀愛 時 我 居然 都 沒有 想 哭 我 覺得 應該 是 要 有 經歷 過 的 人 會 比較 傷感 再 來 劇情 我 覺得 還好 存粹 個人 想法 ,0.0
就 差 那麼 一點點 劇情 風格 少 了 史塔森 特有 的 味道 一切 就 是 那麼 的 差強人意 ,0.0
普普通通 都 是 槍戰 幾乎 沒有 什麼 動作 沒有 玩命 快遞 系列 好看 ,0.0
毫無 冷場 劇場 反轉 再 反轉 很 出乎 人 意料 之外 ,1.0
整體 不 難 看 但 兇手 有點 好 猜 ,1.0
笑 點 跟 哭 點 都 很 無感 標準 老派 又 制式化 的 國片 公式 尤其 女 主角 的 戲份 太 突兀 從 一 開始 的 生氣 就 生硬 到 不行 那邊 的 劇情 轉折 實在 有 什麼 好 演 得 那麼 用力 以致 中間 的 臭 臉 醉酒 宣洩 挖 路 後 的 開心 等等 都 用 同樣 的 方式 毫無 情緒 堆疊 得 過力 演出 就 像是 硬 塞 個 情緒 張力 似的 看 得 很 尬 相對 馬志翔 就 演 的 自然 多 了 雖說 本色 演出 或許 有 優勢 但 光 是 台詞 的 細膩 表現 情緒 的 內斂 口氣 及 口音 的 精準 到位 都 讓 人 覺得 看 他 表演 很 舒服 有 層次 又 自然 電影 整體 來 說 不 糟 但 就 很 普 的 一 部 個人 給 三 顆 星 一 顆 給 馬志翔 一 顆 給 原住民 題材 一 顆 給 部落 小孩 ,0.0
好 喜歡 強尼戴普 唷 新 作品 化身 揭露 環境 公害 的 攝影師 一定 要 去 支持 ,1.0
看完 真的 是 要 我 死 前 半 小時 有夠 拖 無關緊要 的 劇情 然後 就 兩 個 殺手 追殺 一 個 女人 和 小孩 中途 遇到 森林 大火 我 覺得 森火 不 影響 結局 劇情 帶到 森火 幹嘛 然後 都 燒光 了 瞭望台 居然 沒 事 太 不合 邏輯 了 安姐 的 演技 沒 得 發揮 不 值得 看 的 電影 ,0.0
本來 沒 抱有 太 大 的 期望 看完 感覺 超 好看 不管 劇情 人物 有 哭 有 笑 超乎 預期 大人 小人 都 看 的 很 開心 值得 大家 去 欣賞 ,1.0
音樂 的 搭配 傑森 的 各 種 就 是 帥 啊 ,1.0
整 部 片 毫不 緊張 結構 又 鬆散 原本 以為 裘莉 可以 展現 在 史密斯 夫婦 及 特務 間諜 中 兼具 美貌 武打 智慧 於 一 身 結果 沒想到 在 片 中 弱 到 爆 最後 的 結局 草草 結尾 浪費 了 裘莉 這 個 大牌 女神 演員 這 是 導演 和 編劇 的 錯 成績 不如 預期 ,0.0
看完 這 部 電影 珍惜 每 個 人 事物 好好 愛 家人 ,1.0
傑森史塔森 太 酷 了 這 部 片 太 好看 了 我 還 要 多 看 幾 次 ,1.0
一 開始 看 就 知 是 老套 的 劇情 男女 主角 演技 不錯 有 撐起 這 部 電影 不過 電影 設定 時空 背景 在 呵呵 竟然 沒有 一 個 人 在 玩 智慧型 手機 耶 背景 設定 怪怪 的 還 有 為什麼 台灣 的 男 主角 一定 要 演 得 很 渣 然後 背後 很 愛 女生 這樣 這 部 電影 多 給 一 顆 星 是 因為 台語 講 很多 台味 十足 ,0.0
還 不錯 滿 催淚 的 但 戲劇 張力 可以 再 強化 ,1.0
最 帥 光頭 傑森史塔森 怎麼 能 不 看 劇情 也 超級 緊張 刺激 果然 是 史塔森 蓋瑞奇 近期 最 好看 ,1.0
笑 中 帶 淚 提醒 我們 珍惜 現在 把握 當下 ,1.0
推推 推 非常 好看 很 喜歡 這樣 完整 呈現 的 劇情 ,1.0
真的 很 好看 片頭 一 開始 的 音樂 節奏 與 風格 就 非常 的 吸引人 繼續 看下去 劇情 寓意 也 很 棒 是 我 個人 覺得 最 好看 的 迪士尼 電影 ,1.0
厚 真的 哭慘 了 還 囑咐 炭志郎 一 行 人 要 努力 成為 柱 我 給 顆 星 火柱 誓死 努力戰 到 最後 一 口 氣 的 精神 值得 我們 學習 ,0.0
比起 奪 魂鋸 系列 這 版本 有點 失望 鋪梗 太 久 機關 也 很少 遊戲 只 有 後面 一下下 而已 血腥 程度 沒有 奪 魂鋸 來 的 猛 還是 奪 魂鋸 比較 好看 ,0.0
真的 驚艷 到 我 原本 是 抱 著 看 一般 國片 的 心情 去 看 劇情 張力 超強 不 拖泥帶水 邱澤 跟 許瑋甯 演技 一樣 不會 讓 人 失望 真的 是 一 部 很 棒 的 電影 ,1.0
第一 次 寫 評論 拜託 各位 手下 留情 不要 噓 我 這 部 真的 沒 劇情 沒 內容 後面 都 在 拖戲 很 想 試 著 感動 一下 但是 真的 沒辦法 國片 加油 吧 ,0.0
迪士尼 真的 是 一 個 神 等級 的 公司 今年 最 後悔 的 是 賣掉 他 的 股票 ,1.0
強尼戴普 在 片 中 飾演 為 伸張 社會 正義 挺身而出 的 攝影師 是 小 蝦米 對 大 鯨魚 的 真實 事件 非常 值得 大家 一同 來 關注 與 學習 ,1.0
好看 整 部 戲 鋪陳 毫無 冷場 絕對 有 金馬獎 的 實力 ,1.0
非常 好看 善良 的 西蘇 讓 人 好 感動 勇敢 的 拉雅 展現 不 一樣 的 公主 風格 ,1.0
環保 議題 的 電影 一直 以來 都 算是 冷門 的 導演 敢 拍出 真實 的 情況 讓 人們 看到 是 一 件 很 勇敢 的 行為 各 種 污染 充斥 在 我們 的 身旁 愛護 地球 環境 是 刻不容緩 的 值得 大家 一 看 內容 寫實 感人 又 哀傷 推 ,1.0
某 種 程度 的 愛情 常常 是 一 種 自以爲 為 了 對方 好 的 觀點 決定 了 未來 的 發展 幸而 有 了 演技 在 線 的 發揮 讓 故事 變 得 立體 飽滿 ,1.0
其實 並 不 好看 中間 有 一 段 真的 很 想 睡 ,0.0
超級 感動 感動 本 以為 國片 沒 什麼 出乎意外 ,1.0
 的 評價 也 太 低 了 吧 這 部 明明 就 很 好看 ,1.0
真心 覺得 好看 演技 很 厲害 粉 感人 ,1.0
劇情 緊湊 角色 鮮明 沒有 冷場 後面 爆哭 另外 覺得 女主 有 淺力 當 看護 ,1.0
一 開始 就 知道 後面 的 劇情 雖然 兩 位 演員 演技 都 很 好 但是 裡面 一直 打打殺殺 罵 髒話 討債 這 種 工作 被 塑造成 好像 很 厲害 對 社會 有 不良 影響 台灣 可以 拍 一些 別 類型 的 片 嗎 這 真的 很 沒 深度 ,0.0
很 好看 超 好看 要 帶 面紙 進去 電影院 觀看 笑 中 有 淚 淚 中 帶 笑 邱澤 詮釋 角色 詮釋 得 非常 好 真的 很 感動 ,1.0
剛 看完 真的 超級 好看 裘莉 演 的 就 是 讚 ,1.0
邱澤 演技 真的 很 棒演 什麼 像 什麼 茄子蛋 的 主題曲 實在 太 好聽 了 ,1.0
超 好看 內容 沒 拖到 戲 已經 二 刷 而且 女 主角 越 看 越 漂亮 ,1.0
和 以往 的 迪士尼 卡通 很 不 一樣 有趣 好看 完全 不 冷場 ,1.0
這 是 一 部 續集 電影 啦 看 不 懂 劇情 人物 組織 的 可以 先 去 看 哥吉拉 金剛 骷髏島 哥吉拉 怪獸 之 王 哥吉拉 大戰 金剛 為 此 系列 第四 部 作品 ,0.0
